,기간,자치구,총전입,총전출
0,2014년01월,종로구,"1,661","1,998"
1,2014년02월,종로구,"2,611","2,654"
2,2014년03월,종로구,"2,528","2,725"
3,2014년04월,종로구,"2,337","2,609"
4,2014년05월,종로구,"2,010","2,246"
5,2014년06월,종로구,"1,831","2,125"
6,2014년07월,종로구,"1,856","2,305"
7,2014년08월,종로구,"1,761","1,970"
8,2014년09월,종로구,"1,868","2,018"
9,2014년10월,종로구,"2,012","2,325"
10,2014년11월,종로구,"1,741","2,091"
11,2014년12월,종로구,"1,975","2,418"
12,2015년01월,종로구,"1,815","2,095"
13,2015년02월,종로구,"2,203","2,433"
14,2015년03월,종로구,"3,048","3,038"
15,2015년04월,종로구,"2,002","2,284"
16,2015년05월,종로구,"1,858","2,246"
17,2015년06월,종로구,"1,961","2,386"
18,2015년07월,종로구,"1,995","2,304"
19,2015년08월,종로구,"2,058","2,231"
20,2015년09월,종로구,"2,143","1,940"
21,2015년10월,종로구,"2,041","2,160"
22,2015년11월,종로구,"1,841","1,992"
23,2015년12월,종로구,"1,986","2,361"
24,2016년01월,종로구,"1,853","2,008"
25,2016년02월,종로구,"2,599","2,539"
26,2016년03월,종로구,"2,847","2,679"
27,2016년04월,종로구,"1,769","2,033"
28,2016년05월,종로구,"1,761","2,099"
29,2016년06월,종로구,"1,819","2,199"
30,2016년07월,종로구,"1,675","1,921"
31,2016년08월,종로구,"2,018","2,294"
32,2016년09월,종로구,"1,845","2,053"
33,2016년10월,종로구,"1,861","2,114"
34,2016년11월,종로구,"1,683","2,063"
35,2016년12월,종로구,"1,874","2,384"
36,2017년01월,종로구,"1,513","1,836"
37,2017년02월,종로구,"2,876","2,878"
38,2017년03월,종로구,"4,272","2,963"
39,2017년04월,종로구,"2,412","2,029"
40,2017년05월,종로구,"2,389","2,048"
41,2017년06월,종로구,"2,214","2,079"
42,2017년07월,종로구,"2,306","1,919"
43,2017년08월,종로구,"2,467","2,228"
44,2017년09월,종로구,"2,201","2,146"
45,2017년10월,종로구,"1,722","1,734"
46,2017년11월,종로구,"1,730","1,911"
47,2017년12월,종로구,"1,918","2,043"
48,2018년01월,종로구,"1,900","2,038"
49,2018년02월,종로구,"2,567","2,641"
50,2018년03월,종로구,"2,757","2,693"
51,2018년04월,종로구,"1,819","2,062"
52,2018년05월,종로구,"1,822","2,026"
53,2018년06월,종로구,"1,552","1,871"
54,2018년07월,종로구,"1,705","1,949"
55,2018년08월,종로구,"1,942","2,061"
56,2018년09월,종로구,"1,542","1,533"
57,2018년10월,종로구,"2,052","2,162"
58,2018년11월,종로구,"1,725","1,857"
59,2018년12월,종로구,"1,804","1,905"
60,2014년01월,관악구,"6,620","7,261"
61,2014년02월,관악구,"9,251","9,456"
62,2014년03월,관악구,"9,565","9,548"
63,2014년04월,관악구,"8,251","8,552"
64,2014년05월,관악구,"7,849","8,385"
65,2014년06월,관악구,"6,953","7,705"
66,2014년07월,관악구,"6,952","7,832"
67,2014년08월,관악구,"6,500","7,430"
68,2014년09월,관악구,"6,715","7,377"
69,2014년10월,관악구,"7,978","8,838"
70,2014년11월,관악구,"6,757","7,704"
71,2014년12월,관악구,"7,596","8,094"
72,2015년01월,관악구,"7,257","7,193"
73,2015년02월,관악구,"8,173","8,077"
74,2015년03월,관악구,"10,256","10,075"
75,2015년04월,관악구,"8,552","8,755"
76,2015년05월,관악구,"7,679","8,545"
77,2015년06월,관악구,"8,066","8,986"
78,2015년07월,관악구,"7,730","8,545"
79,2015년08월,관악구,"7,618","8,238"
80,2015년09월,관악구,"6,880","7,402"
81,2015년10월,관악구,"7,715","8,518"
82,2015년11월,관악구,"7,103","8,176"
83,2015년12월,관악구,"7,561","8,214"
84,2016년01월,관악구,"7,141","6,869"
85,2016년02월,관악구,"9,173","8,887"
86,2016년03월,관악구,"9,513","9,259"
87,2016년04월,관악구,"7,369","7,716"
88,2016년05월,관악구,"7,631","7,969"
89,2016년06월,관악구,"7,103","7,680"
90,2016년07월,관악구,"6,630","6,923"
91,2016년08월,관악구,"7,800","8,542"
92,2016년09월,관악구,"6,823","7,549"
93,2016년10월,관악구,"7,325","8,211"
94,2016년11월,관악구,"7,357","8,285"
95,2016년12월,관악구,"7,333","8,289"
96,2017년01월,관악구,"7,221","7,306"
97,2017년02월,관악구,"9,859","9,733"
98,2017년03월,관악구,"9,474","9,428"
99,2017년04월,관악구,"7,024","7,434"
100,2017년05월,관악구,"7,905","8,236"
101,2017년06월,관악구,"6,898","7,254"
102,2017년07월,관악구,"6,875","7,354"
103,2017년08월,관악구,"7,741","8,136"
104,2017년09월,관악구,"7,166","7,814"
105,2017년10월,관악구,"6,392","6,986"
106,2017년11월,관악구,"6,788","7,542"
107,2017년12월,관악구,"6,960","7,720"
108,2018년01월,관악구,"8,325","8,022"
109,2018년02월,관악구,"9,208","9,079"
110,2018년03월,관악구,"10,051","9,467"
111,2018년04월,관악구,"7,907","7,972"
112,2018년05월,관악구,"7,624","8,115"
113,2018년06월,관악구,"7,087","7,127"
114,2018년07월,관악구,"7,305","7,547"
115,2018년08월,관악구,"7,960","8,065"
116,2018년09월,관악구,"6,177","6,132"
117,2018년10월,관악구,"7,946","8,446"
118,2018년11월,관악구,"7,279","8,385"
119,2018년12월,관악구,"7,534","8,120"
120,2014년01월,중랑구,"5,257","4,847"
121,2014년02월,중랑구,"7,296","6,300"
122,2014년03월,중랑구,"6,378","6,428"
123,2014년04월,중랑구,"5,937","6,398"
124,2014년05월,중랑구,"5,665","5,877"
125,2014년06월,중랑구,"5,664","5,621"
126,2014년07월,중랑구,"6,463","6,007"
127,2014년08월,중랑구,"5,777","5,173"
128,2014년09월,중랑구,"4,821","4,972"
129,2014년10월,중랑구,"5,759","5,975"
130,2014년11월,중랑구,"4,987","5,147"
131,2014년12월,중랑구,"5,153","5,752"
132,2015년01월,중랑구,"4,025","4,401"
133,2015년02월,중랑구,"4,208","4,633"
134,2015년03월,중랑구,"6,331","6,623"
135,2015년04월,중랑구,"6,492","6,354"
136,2015년05월,중랑구,"5,903","6,127"
137,2015년06월,중랑구,"6,073","6,690"
138,2015년07월,중랑구,"5,320","6,237"
139,2015년08월,중랑구,"5,114","6,174"
140,2015년09월,중랑구,"4,742","5,648"
141,2015년10월,중랑구,"5,823","6,711"
142,2015년11월,중랑구,"5,663","6,074"
143,2015년12월,중랑구,"4,944","5,612"
144,2016년01월,중랑구,"3,976","4,112"
145,2016년02월,중랑구,"4,952","5,239"
146,2016년03월,중랑구,"5,744","5,928"
147,2016년04월,중랑구,"5,061","5,156"
148,2016년05월,중랑구,"5,222","5,368"
149,2016년06월,중랑구,"5,132","5,469"
150,2016년07월,중랑구,"4,562","5,129"
151,2016년08월,중랑구,"5,376","6,039"
152,2016년09월,중랑구,"4,668","4,988"
153,2016년10월,중랑구,"5,594","5,926"
154,2016년11월,중랑구,"5,248","5,692"
155,2016년12월,중랑구,"5,031","5,777"
156,2017년01월,중랑구,"3,785","4,134"
157,2017년02월,중랑구,"4,674","5,053"
158,2017년03월,중랑구,"5,161","5,706"
159,2017년04월,중랑구,"4,605","4,822"
160,2017년05월,중랑구,"5,059","5,150"
161,2017년06월,중랑구,"5,568","5,112"
162,2017년07월,중랑구,"4,677","4,454"
163,2017년08월,중랑구,"4,882","5,061"
164,2017년09월,중랑구,"4,828","5,246"
165,2017년10월,중랑구,"4,700","5,097"
166,2017년11월,중랑구,"4,654","5,415"
167,2017년12월,중랑구,"3,792","4,697"
168,2018년01월,중랑구,"3,986","4,532"
169,2018년02월,중랑구,"4,150","4,757"
170,2018년03월,중랑구,"5,317","5,610"
171,2018년04월,중랑구,"5,076","5,493"
172,2018년05월,중랑구,"4,925","5,354"
173,2018년06월,중랑구,"4,454","5,044"
174,2018년07월,중랑구,"4,406","4,875"
175,2018년08월,중랑구,"4,274","4,776"
176,2018년09월,중랑구,"3,340","3,760"
177,2018년10월,중랑구,"5,067","5,502"
178,2018년11월,중랑구,"4,848","5,234"
179,2018년12월,중랑구,"4,325","4,679"
180,2014년01월,영등포구,"4,104","4,485"
181,2014년02월,영등포구,"5,813","6,448"
182,2014년03월,영등포구,"5,997","5,999"
183,2014년04월,영등포구,"6,001","6,141"
184,2014년05월,영등포구,"5,270","5,551"
185,2014년06월,영등포구,"4,732","5,318"
186,2014년07월,영등포구,"4,469","5,283"
187,2014년08월,영등포구,"4,177","5,073"
188,2014년09월,영등포구,"4,076","4,695"
189,2014년10월,영등포구,"5,036","5,813"
190,2014년11월,영등포구,"4,264","5,114"
191,2014년12월,영등포구,"5,118","5,742"
192,2015년01월,영등포구,"4,744","4,591"
193,2015년02월,영등포구,"5,011","5,323"
194,2015년03월,영등포구,"5,967","6,295"
195,2015년04월,영등포구,"5,257","5,633"
196,2015년05월,영등포구,"4,679","5,369"
197,2015년06월,영등포구,"4,852","5,597"
198,2015년07월,영등포구,"4,820","5,416"
199,2015년08월,영등포구,"4,556","5,256"
200,2015년09월,영등포구,"3,973","4,570"
201,2015년10월,영등포구,"4,934","5,932"
202,2015년11월,영등포구,"4,786","5,585"
203,2015년12월,영등포구,"5,357","6,111"
204,2016년01월,영등포구,"5,317","5,453"
205,2016년02월,영등포구,"6,625","6,810"
206,2016년03월,영등포구,"5,988","6,321"
207,2016년04월,영등포구,"4,756","5,123"
208,2016년05월,영등포구,"4,838","5,422"
209,2016년06월,영등포구,"4,387","5,469"
210,2016년07월,영등포구,"4,406","5,491"
211,2016년08월,영등포구,"5,489","6,760"
212,2016년09월,영등포구,"4,664","6,151"
213,2016년10월,영등포구,"5,043","6,400"
214,2016년11월,영등포구,"4,925","6,153"
215,2016년12월,영등포구,"4,870","6,232"
216,2017년01월,영등포구,"4,322","5,051"
217,2017년02월,영등포구,"5,964","7,087"
218,2017년03월,영등포구,"5,349","6,210"
219,2017년04월,영등포구,"5,288","5,485"
220,2017년05월,영등포구,"6,902","6,051"
221,2017년06월,영등포구,"4,851","4,810"
222,2017년07월,영등포구,"4,830","5,122"
223,2017년08월,영등포구,"4,958","5,473"
224,2017년09월,영등포구,"5,563","5,523"
225,2017년10월,영등포구,"4,820","4,702"
226,2017년11월,영등포구,"4,822","4,961"
227,2017년12월,영등포구,"4,953","5,564"
228,2018년01월,영등포구,"5,738","5,539"
229,2018년02월,영등포구,"6,010","6,016"
230,2018년03월,영등포구,"6,581","6,581"
231,2018년04월,영등포구,"5,120","5,198"
232,2018년05월,영등포구,"4,924","5,003"
233,2018년06월,영등포구,"4,237","4,588"
234,2018년07월,영등포구,"4,557","4,922"
235,2018년08월,영등포구,"4,566","4,785"
236,2018년09월,영등포구,"3,759","3,935"
237,2018년10월,영등포구,"5,043","5,465"
238,2018년11월,영등포구,"4,668","5,145"
239,2018년12월,영등포구,"4,659","4,931"
240,2014년01월,동대문구,"3,445","3,764"
241,2014년02월,동대문구,"5,211","5,577"
242,2014년03월,동대문구,"4,895","5,172"
243,2014년04월,동대문구,"4,492","4,904"
244,2014년05월,동대문구,"4,333","4,793"
245,2014년06월,동대문구,"4,215","4,826"
246,2014년07월,동대문구,"4,096","4,740"
247,2014년08월,동대문구,"3,876","4,415"
248,2014년09월,동대문구,"6,211","5,251"
249,2014년10월,동대문구,"6,853","5,989"
250,2014년11월,동대문구,"5,276","5,028"
251,2014년12월,동대문구,"5,012","5,199"
252,2015년01월,동대문구,"4,255","4,560"
253,2015년02월,동대문구,"5,141","5,096"
254,2015년03월,동대문구,"6,421","6,362"
255,2015년04월,동대문구,"5,102","5,353"
256,2015년05월,동대문구,"4,427","4,923"
257,2015년06월,동대문구,"4,633","5,391"
258,2015년07월,동대문구,"4,461","5,124"
259,2015년08월,동대문구,"4,734","5,221"
260,2015년09월,동대문구,"3,911","4,403"
261,2015년10월,동대문구,"4,545","4,963"
262,2015년11월,동대문구,"4,244","4,806"
263,2015년12월,동대문구,"4,116","4,715"
264,2016년01월,동대문구,"3,664","3,902"
265,2016년02월,동대문구,"5,016","5,255"
266,2016년03월,동대문구,"5,020","5,170"
267,2016년04월,동대문구,"3,839","4,288"
268,2016년05월,동대문구,"3,896","4,543"
269,2016년06월,동대문구,"3,812","4,634"
270,2016년07월,동대문구,"3,618","4,267"
271,2016년08월,동대문구,"4,083","4,781"
272,2016년09월,동대문구,"3,725","4,140"
273,2016년10월,동대문구,"4,468","4,924"
274,2016년11월,동대문구,"4,206","4,750"
275,2016년12월,동대문구,"4,244","4,968"
276,2017년01월,동대문구,"3,727","4,200"
277,2017년02월,동대문구,"5,509","5,786"
278,2017년03월,동대문구,"4,758","5,087"
279,2017년04월,동대문구,"3,542","3,774"
280,2017년05월,동대문구,"3,793","4,301"
281,2017년06월,동대문구,"3,766","4,105"
282,2017년07월,동대문구,"3,574","3,961"
283,2017년08월,동대문구,"4,484","4,817"
284,2017년09월,동대문구,"3,867","4,307"
285,2017년10월,동대문구,"3,466","3,795"
286,2017년11월,동대문구,"3,874","4,491"
287,2017년12월,동대문구,"3,539","4,109"
288,2018년01월,동대문구,"3,838","4,364"
289,2018년02월,동대문구,"4,885","5,068"
290,2018년03월,동대문구,"4,918","5,502"
291,2018년04월,동대문구,"3,834","4,260"
292,2018년05월,동대문구,"3,874","4,343"
293,2018년06월,동대문구,"4,958","4,517"
294,2018년07월,동대문구,"5,756","4,788"
295,2018년08월,동대문구,"5,362","4,671"
296,2018년09월,동대문구,"3,522","3,597"
297,2018년10월,동대문구,"5,098","5,540"
298,2018년11월,동대문구,"4,672","5,562"
299,2018년12월,동대문구,"4,182","5,393"
300,2014년01월,강북구,"2,936","3,475"
301,2014년02월,강북구,"3,957","4,450"
302,2014년03월,강북구,"4,322","4,980"
303,2014년04월,강북구,"4,264","4,740"
304,2014년05월,강북구,"4,485","4,603"
305,2014년06월,강북구,"4,632","4,543"
306,2014년07월,강북구,"4,286","4,381"
307,2014년08월,강북구,"3,629","3,871"
308,2014년09월,강북구,"3,611","4,039"
309,2014년10월,강북구,"4,359","4,976"
310,2014년11월,강북구,"3,892","4,244"
311,2014년12월,강북구,"3,851","4,339"
312,2015년01월,강북구,"3,136","3,251"
313,2015년02월,강북구,"3,212","3,405"
314,2015년03월,강북구,"4,364","4,656"
315,2015년04월,강북구,"4,409","4,779"
316,2015년05월,강북구,"4,412","4,786"
317,2015년06월,강북구,"4,322","4,803"
318,2015년07월,강북구,"4,107","4,498"
319,2015년08월,강북구,"3,964","4,476"
320,2015년09월,강북구,"3,606","4,012"
321,2015년10월,강북구,"4,161","4,724"
322,2015년11월,강북구,"3,957","4,519"
323,2015년12월,강북구,"3,841","4,331"
324,2016년01월,강북구,"2,920","3,288"
325,2016년02월,강북구,"3,672","3,949"
326,2016년03월,강북구,"4,135","4,434"
327,2016년04월,강북구,"3,707","3,935"
328,2016년05월,강북구,"3,760","4,227"
329,2016년06월,강북구,"3,894","4,166"
330,2016년07월,강북구,"3,576","3,807"
331,2016년08월,강북구,"4,203","4,404"
332,2016년09월,강북구,"3,505","3,807"
333,2016년10월,강북구,"3,888","4,494"
334,2016년11월,강북구,"3,852","4,396"
335,2016년12월,강북구,"3,679","4,040"
336,2017년01월,강북구,"2,830","3,088"
337,2017년02월,강북구,"3,623","4,039"
338,2017년03월,강북구,"4,446","4,146"
339,2017년04월,강북구,"3,766","3,772"
340,2017년05월,강북구,"3,898","4,106"
341,2017년06월,강북구,"3,649","3,616"
342,2017년07월,강북구,"3,278","3,652"
343,2017년08월,강북구,"3,563","3,764"
344,2017년09월,강북구,"3,447","3,874"
345,2017년10월,강북구,"3,279","3,454"
346,2017년11월,강북구,"3,381","3,690"
347,2017년12월,강북구,"3,071","3,608"
348,2018년01월,강북구,"2,937","3,078"
349,2018년02월,강북구,"3,223","3,472"
350,2018년03월,강북구,"4,041","4,146"
351,2018년04월,강북구,"3,449","3,922"
352,2018년05월,강북구,"3,596","4,117"
353,2018년06월,강북구,"3,464","3,871"
354,2018년07월,강북구,"3,420","4,008"
355,2018년08월,강북구,"3,457","4,205"
356,2018년09월,강북구,"2,834","3,193"
357,2018년10월,강북구,"3,812","4,247"
358,2018년11월,강북구,"3,672","4,201"
359,2018년12월,강북구,"3,036","3,340"
360,2014년01월,노원구,"5,235","6,386"
361,2014년02월,노원구,"8,046","9,000"
362,2014년03월,노원구,"7,124","7,948"
363,2014년04월,노원구,"6,411","7,037"
364,2014년05월,노원구,"5,962","6,723"
365,2014년06월,노원구,"5,173","6,004"
366,2014년07월,노원구,"5,555","6,206"
367,2014년08월,노원구,"5,509","6,211"
368,2014년09월,노원구,"5,553","5,990"
369,2014년10월,노원구,"6,572","7,278"
370,2014년11월,노원구,"5,906","6,946"
371,2014년12월,노원구,"6,457","8,019"
372,2015년01월,노원구,"5,538","6,198"
373,2015년02월,노원구,"6,778","7,282"
374,2015년03월,노원구,"7,310","8,141"
375,2015년04월,노원구,"6,104","6,745"
376,2015년05월,노원구,"6,225","7,011"
377,2015년06월,노원구,"6,066","6,945"
378,2015년07월,노원구,"5,994","6,576"
379,2015년08월,노원구,"6,029","7,008"
380,2015년09월,노원구,"5,234","6,115"
381,2015년10월,노원구,"6,176","7,010"
382,2015년11월,노원구,"5,749","6,753"
383,2015년12월,노원구,"6,325","7,888"
384,2016년01월,노원구,"5,374","6,284"
385,2016년02월,노원구,"7,796","7,926"
386,2016년03월,노원구,"7,778","7,692"
387,2016년04월,노원구,"6,049","6,202"
388,2016년05월,노원구,"5,687","6,028"
389,2016년06월,노원구,"4,950","5,910"
390,2016년07월,노원구,"4,950","6,018"
391,2016년08월,노원구,"5,988","6,946"
392,2016년09월,노원구,"5,326","6,145"
393,2016년10월,노원구,"6,367","7,361"
394,2016년11월,노원구,"6,133","7,330"
395,2016년12월,노원구,"5,851","7,334"
396,2017년01월,노원구,"4,949","5,806"
397,2017년02월,노원구,"7,344","8,544"
398,2017년03월,노원구,"6,719","6,838"
399,2017년04월,노원구,"4,889","5,445"
400,2017년05월,노원구,"5,177","6,108"
401,2017년06월,노원구,"4,837","6,359"
402,2017년07월,노원구,"4,952","6,434"
403,2017년08월,노원구,"5,789","7,524"
404,2017년09월,노원구,"5,576","7,038"
405,2017년10월,노원구,"4,820","6,072"
406,2017년11월,노원구,"4,804","6,312"
407,2017년12월,노원구,"4,550","6,008"
408,2018년01월,노원구,"4,954","6,133"
409,2018년02월,노원구,"6,088","7,310"
410,2018년03월,노원구,"6,787","6,952"
411,2018년04월,노원구,"4,778","5,714"
412,2018년05월,노원구,"5,028","5,878"
413,2018년06월,노원구,"4,513","5,340"
414,2018년07월,노원구,"4,647","5,633"
415,2018년08월,노원구,"4,909","5,765"
416,2018년09월,노원구,"3,907","4,546"
417,2018년10월,노원구,"5,734","6,574"
418,2018년11월,노원구,"5,583","6,733"
419,2018년12월,노원구,"4,939","6,170"
420,2014년01월,은평구,"5,341","5,909"
421,2014년02월,은평구,"6,576","7,429"
422,2014년03월,은평구,"6,956","7,528"
423,2014년04월,은평구,"6,948","7,403"
424,2014년05월,은평구,"6,669","7,028"
425,2014년06월,은평구,"6,039","6,406"
426,2014년07월,은평구,"5,701","6,400"
427,2014년08월,은평구,"5,526","6,263"
428,2014년09월,은평구,"5,445","5,959"
429,2014년10월,은평구,"6,917","7,433"
430,2014년11월,은평구,"5,739","6,405"
431,2014년12월,은평구,"6,093","6,687"
432,2015년01월,은평구,"5,374","5,316"
433,2015년02월,은평구,"6,057","5,855"
434,2015년03월,은평구,"7,786","7,723"
435,2015년04월,은평구,"6,969","7,274"
436,2015년05월,은평구,"7,085","7,360"
437,2015년06월,은평구,"7,049","7,303"
438,2015년07월,은평구,"6,284","6,548"
439,2015년08월,은평구,"7,761","7,423"
440,2015년09월,은평구,"6,924","7,203"
441,2015년10월,은평구,"7,600","7,999"
442,2015년11월,은평구,"6,876","7,767"
443,2015년12월,은평구,"6,610","7,558"
444,2016년01월,은평구,"5,440","5,868"
445,2016년02월,은평구,"6,318","6,976"
446,2016년03월,은평구,"7,135","7,748"
447,2016년04월,은평구,"6,523","7,234"
448,2016년05월,은평구,"7,179","7,751"
449,2016년06월,은평구,"6,553","7,122"
450,2016년07월,은평구,"5,789","6,267"
451,2016년08월,은평구,"6,211","6,900"
452,2016년09월,은평구,"5,510","6,011"
453,2016년10월,은평구,"6,240","7,038"
454,2016년11월,은평구,"6,186","7,034"
455,2016년12월,은평구,"5,780","6,976"
456,2017년01월,은평구,"4,579","4,920"
457,2017년02월,은평구,"5,880","6,457"
458,2017년03월,은평구,"6,292","7,035"
459,2017년04월,은평구,"5,431","5,663"
460,2017년05월,은평구,"5,948","6,598"
461,2017년06월,은평구,"5,345","6,103"
462,2017년07월,은평구,"5,379","6,131"
463,2017년08월,은평구,"6,906","7,270"
464,2017년09월,은평구,"6,675","6,633"
465,2017년10월,은평구,"5,275","5,523"
466,2017년11월,은평구,"5,515","5,818"
467,2017년12월,은평구,"5,177","5,486"
468,2018년01월,은평구,"4,983","5,253"
469,2018년02월,은평구,"5,392","5,703"
470,2018년03월,은평구,"6,398","6,775"
471,2018년04월,은평구,"5,976","6,318"
472,2018년05월,은평구,"6,006","6,523"
473,2018년06월,은평구,"5,256","5,745"
474,2018년07월,은평구,"4,899","5,602"
475,2018년08월,은평구,"5,510","5,826"
476,2018년09월,은평구,"4,562","4,998"
477,2018년10월,은평구,"6,434","6,422"
478,2018년11월,은평구,"6,579","6,618"
479,2018년12월,은평구,"5,494","5,736"
480,2014년01월,서대문구,"3,122","3,316"
481,2014년02월,서대문구,"4,511","4,532"
482,2014년03월,서대문구,"4,599","4,732"
483,2014년04월,서대문구,"4,113","4,230"
484,2014년05월,서대문구,"3,715","3,921"
485,2014년06월,서대문구,"3,430","3,829"
486,2014년07월,서대문구,"3,516","3,896"
487,2014년08월,서대문구,"3,285","3,757"
488,2014년09월,서대문구,"3,300","3,512"
489,2014년10월,서대문구,"3,933","5,010"
490,2014년11월,서대문구,"3,437","4,300"
491,2014년12월,서대문구,"4,127","4,782"
492,2015년01월,서대문구,"3,471","3,969"
493,2015년02월,서대문구,"4,313","4,815"
494,2015년03월,서대문구,"5,164","5,557"
495,2015년04월,서대문구,"4,285","4,592"
496,2015년05월,서대문구,"3,826","4,523"
497,2015년06월,서대문구,"3,722","4,453"
498,2015년07월,서대문구,"3,675","4,101"
499,2015년08월,서대문구,"3,630","4,202"
500,2015년09월,서대문구,"3,342","3,677"
501,2015년10월,서대문구,"4,165","4,486"
502,2015년11월,서대문구,"8,676","5,668"
503,2015년12월,서대문구,"7,460","5,122"
504,2016년01월,서대문구,"4,992","3,826"
505,2016년02월,서대문구,"6,037","4,723"
506,2016년03월,서대문구,"5,607","4,767"
507,2016년04월,서대문구,"4,724","4,300"
508,2016년05월,서대문구,"5,052","5,218"
509,2016년06월,서대문구,"5,032","5,150"
510,2016년07월,서대문구,"3,787","4,279"
511,2016년08월,서대문구,"4,095","4,720"
512,2016년09월,서대문구,"3,574","4,009"
513,2016년10월,서대문구,"4,107","4,385"
514,2016년11월,서대문구,"3,856","4,315"
515,2016년12월,서대문구,"4,289","4,544"
516,2017년01월,서대문구,"3,809","3,601"
517,2017년02월,서대문구,"5,830","5,351"
518,2017년03월,서대문구,"5,380","5,330"
519,2017년04월,서대문구,"3,977","4,092"
520,2017년05월,서대문구,"4,058","4,348"
521,2017년06월,서대문구,"3,849","3,705"
522,2017년07월,서대문구,"3,581","3,713"
523,2017년08월,서대문구,"4,197","4,391"
524,2017년09월,서대문구,"3,684","4,132"
525,2017년10월,서대문구,"3,247","3,515"
526,2017년11월,서대문구,"3,348","3,970"
527,2017년12월,서대문구,"3,574","4,138"
528,2018년01월,서대문구,"4,140","4,273"
529,2018년02월,서대문구,"5,056","5,032"
530,2018년03월,서대문구,"4,757","5,125"
531,2018년04월,서대문구,"3,651","4,091"
532,2018년05월,서대문구,"3,348","3,729"
533,2018년06월,서대문구,"3,262","3,520"
534,2018년07월,서대문구,"3,211","3,717"
535,2018년08월,서대문구,"3,391","3,634"
536,2018년09월,서대문구,"2,819","2,897"
537,2018년10월,서대문구,"3,660","4,191"
538,2018년11월,서대문구,"4,410","4,240"
539,2018년12월,서대문구,"4,156","4,035"
540,2014년01월,강동구,"4,438","4,899"
541,2014년02월,강동구,"6,164","6,717"
542,2014년03월,강동구,"6,207","6,915"
543,2014년04월,강동구,"6,127","6,950"
544,2014년05월,강동구,"5,990","6,707"
545,2014년06월,강동구,"5,111","5,607"
546,2014년07월,강동구,"5,027","5,982"
547,2014년08월,강동구,"4,858","5,786"
548,2014년09월,강동구,"4,845","5,652"
549,2014년10월,강동구,"6,150","7,075"
550,2014년11월,강동구,"5,474","6,361"
551,2014년12월,강동구,"6,021","6,924"
552,2015년01월,강동구,"4,969","5,823"
553,2015년02월,강동구,"5,533","7,207"
554,2015년03월,강동구,"8,071","10,473"
555,2015년04월,강동구,"6,801","9,303"
556,2015년05월,강동구,"6,678","8,625"
557,2015년06월,강동구,"6,534","9,311"
558,2015년07월,강동구,"5,866","7,859"
559,2015년08월,강동구,"5,726","7,115"
560,2015년09월,강동구,"5,206","6,090"
561,2015년10월,강동구,"6,246","7,583"
562,2015년11월,강동구,"5,777","7,106"
563,2015년12월,강동구,"6,313","7,699"
564,2016년01월,강동구,"5,410","6,398"
565,2016년02월,강동구,"6,397","7,827"
566,2016년03월,강동구,"5,927","7,487"
567,2016년04월,강동구,"5,252","6,632"
568,2016년05월,강동구,"5,939","7,891"
569,2016년06월,강동구,"5,134","6,689"
570,2016년07월,강동구,"4,495","5,451"
571,2016년08월,강동구,"5,477","7,202"
572,2016년09월,강동구,"5,738","6,639"
573,2016년10월,강동구,"6,463","8,177"
574,2016년11월,강동구,"6,183","7,330"
575,2016년12월,강동구,"5,547","6,812"
576,2017년01월,강동구,"6,412","5,634"
577,2017년02월,강동구,"10,619","7,862"
578,2017년03월,강동구,"8,193","7,225"
579,2017년04월,강동구,"6,038","5,879"
580,2017년05월,강동구,"6,299","6,274"
581,2017년06월,강동구,"5,981","6,524"
582,2017년07월,강동구,"6,204","7,830"
583,2017년08월,강동구,"7,987","10,169"
584,2017년09월,강동구,"6,775","9,575"
585,2017년10월,강동구,"5,547","7,849"
586,2017년11월,강동구,"5,582","8,330"
587,2017년12월,강동구,"5,978","7,668"
588,2018년01월,강동구,"5,743","6,674"
589,2018년02월,강동구,"5,626","6,309"
590,2018년03월,강동구,"5,776","6,567"
591,2018년04월,강동구,"4,958","5,542"
592,2018년05월,강동구,"4,884","5,477"
593,2018년06월,강동구,"4,503","4,866"
594,2018년07월,강동구,"4,322","5,006"
595,2018년08월,강동구,"4,488","5,372"
596,2018년09월,강동구,"3,609","4,331"
597,2018년10월,강동구,"5,389","6,482"
598,2018년11월,강동구,"5,319","6,602"
599,2018년12월,강동구,"4,717","5,705"
600,2014년01월,광진구,"3,776","4,178"
601,2014년02월,광진구,"5,508","5,766"
602,2014년03월,광진구,"5,787","6,118"
603,2014년04월,광진구,"5,083","5,694"
604,2014년05월,광진구,"5,129","5,807"
605,2014년06월,광진구,"4,325","4,933"
606,2014년07월,광진구,"4,262","5,058"
607,2014년08월,광진구,"4,386","4,998"
608,2014년09월,광진구,"4,087","4,764"
609,2014년10월,광진구,"5,154","6,051"
610,2014년11월,광진구,"4,504","5,354"
611,2014년12월,광진구,"4,777","5,468"
612,2015년01월,광진구,"4,193","4,529"
613,2015년02월,광진구,"4,897","4,961"
614,2015년03월,광진구,"6,199","6,531"
615,2015년04월,광진구,"5,444","5,873"
616,2015년05월,광진구,"4,872","5,317"
617,2015년06월,광진구,"5,038","5,622"
618,2015년07월,광진구,"4,916","5,338"
619,2015년08월,광진구,"4,652","5,229"
620,2015년09월,광진구,"4,094","4,627"
621,2015년10월,광진구,"5,050","5,537"
622,2015년11월,광진구,"4,741","5,123"
623,2015년12월,광진구,"4,775","5,233"
624,2016년01월,광진구,"3,932","4,290"
625,2016년02월,광진구,"5,397","5,526"
626,2016년03월,광진구,"5,444","5,671"
627,2016년04월,광진구,"4,659","4,997"
628,2016년05월,광진구,"4,532","5,154"
629,2016년06월,광진구,"4,530","4,919"
630,2016년07월,광진구,"4,052","4,441"
631,2016년08월,광진구,"4,844","5,208"
632,2016년09월,광진구,"4,234","4,560"
633,2016년10월,광진구,"4,576","5,228"
634,2016년11월,광진구,"4,541","5,205"
635,2016년12월,광진구,"4,621","5,247"
636,2017년01월,광진구,"3,992","4,022"
637,2017년02월,광진구,"5,739","5,783"
638,2017년03월,광진구,"5,253","5,519"
639,2017년04월,광진구,"4,263","4,245"
640,2017년05월,광진구,"4,586","4,871"
641,2017년06월,광진구,"4,445","4,410"
642,2017년07월,광진구,"4,282","4,184"
643,2017년08월,광진구,"5,245","4,981"
644,2017년09월,광진구,"4,701","4,885"
645,2017년10월,광진구,"4,415","4,569"
646,2017년11월,광진구,"4,644","4,583"
647,2017년12월,광진구,"4,445","4,595"
648,2018년01월,광진구,"4,638","4,627"
649,2018년02월,광진구,"5,321","5,471"
650,2018년03월,광진구,"5,447","6,072"
651,2018년04월,광진구,"4,650","5,111"
652,2018년05월,광진구,"4,488","5,096"
653,2018년06월,광진구,"3,952","4,476"
654,2018년07월,광진구,"4,053","4,565"
655,2018년08월,광진구,"4,251","4,584"
656,2018년09월,광진구,"3,386","3,547"
657,2018년10월,광진구,"5,766","5,740"
658,2018년11월,광진구,"5,286","4,925"
659,2018년12월,광진구,"4,490","4,560"
660,2014년01월,용산구,"2,765","2,868"
661,2014년02월,용산구,"3,702","3,827"
662,2014년03월,용산구,"3,585","3,923"
663,2014년04월,용산구,"3,151","3,613"
664,2014년05월,용산구,"3,117","3,314"
665,2014년06월,용산구,"2,757","3,207"
666,2014년07월,용산구,"2,711","3,287"
667,2014년08월,용산구,"2,538","3,048"
668,2014년09월,용산구,"2,557","2,997"
669,2014년10월,용산구,"3,081","3,716"
670,2014년11월,용산구,"2,652","3,337"
671,2014년12월,용산구,"3,002","3,498"
672,2015년01월,용산구,"2,779","3,061"
673,2015년02월,용산구,"3,023","3,113"
674,2015년03월,용산구,"3,800","4,113"
675,2015년04월,용산구,"3,330","3,592"
676,2015년05월,용산구,"3,048","3,396"
677,2015년06월,용산구,"3,189","3,599"
678,2015년07월,용산구,"3,077","3,464"
679,2015년08월,용산구,"3,075","3,552"
680,2015년09월,용산구,"2,821","3,175"
681,2015년10월,용산구,"3,152","3,745"
682,2015년11월,용산구,"2,838","3,107"
683,2015년12월,용산구,"2,932","3,444"
684,2016년01월,용산구,"2,567","2,906"
685,2016년02월,용산구,"3,416","3,688"
686,2016년03월,용산구,"3,479","3,769"
687,2016년04월,용산구,"2,691","2,950"
688,2016년05월,용산구,"2,790","3,108"
689,2016년06월,용산구,"2,709","3,019"
690,2016년07월,용산구,"2,551","2,813"
691,2016년08월,용산구,"2,885","3,391"
692,2016년09월,용산구,"2,490","2,950"
693,2016년10월,용산구,"2,757","3,336"
694,2016년11월,용산구,"2,904","3,400"
695,2016년12월,용산구,"2,885","3,285"
696,2017년01월,용산구,"2,602","2,852"
697,2017년02월,용산구,"3,540","3,786"
698,2017년03월,용산구,"3,216","3,490"
699,2017년04월,용산구,"2,484","2,943"
700,2017년05월,용산구,"2,873","3,132"
701,2017년06월,용산구,"2,877","2,848"
702,2017년07월,용산구,"2,645","2,790"
703,2017년08월,용산구,"3,191","3,180"
704,2017년09월,용산구,"3,147","3,079"
705,2017년10월,용산구,"2,752","2,670"
706,2017년11월,용산구,"2,866","2,967"
707,2017년12월,용산구,"2,961","2,885"
708,2018년01월,용산구,"3,361","3,014"
709,2018년02월,용산구,"3,583","3,341"
710,2018년03월,용산구,"4,042","3,927"
711,2018년04월,용산구,"3,040","3,050"
712,2018년05월,용산구,"3,086","3,175"
713,2018년06월,용산구,"2,920","3,161"
714,2018년07월,용산구,"2,849","3,043"
715,2018년08월,용산구,"2,803","2,925"
716,2018년09월,용산구,"2,376","2,470"
717,2018년10월,용산구,"3,453","3,500"
718,2018년11월,용산구,"3,165","3,200"
719,2018년12월,용산구,"2,661","2,995"
720,2014년01월,구로구,"4,177","4,310"
721,2014년02월,구로구,"6,895","6,241"
722,2014년03월,구로구,"6,665","5,998"
723,2014년04월,구로구,"5,862","5,652"
724,2014년05월,구로구,"5,194","5,294"
725,2014년06월,구로구,"5,658","5,651"
726,2014년07월,구로구,"4,959","5,233"
727,2014년08월,구로구,"4,470","5,088"
728,2014년09월,구로구,"4,232","4,566"
729,2014년10월,구로구,"5,133","6,035"
730,2014년11월,구로구,"4,657","5,254"
731,2014년12월,구로구,"4,902","5,703"
732,2015년01월,구로구,"4,162","4,599"
733,2015년02월,구로구,"4,516","4,982"
734,2015년03월,구로구,"5,755","5,696"
735,2015년04월,구로구,"5,012","5,346"
736,2015년05월,구로구,"4,815","5,222"
737,2015년06월,구로구,"4,995","5,612"
738,2015년07월,구로구,"4,524","5,227"
739,2015년08월,구로구,"4,487","5,276"
740,2015년09월,구로구,"4,034","4,810"
741,2015년10월,구로구,"5,126","5,904"
742,2015년11월,구로구,"5,006","5,700"
743,2015년12월,구로구,"4,667","5,678"
744,2016년01월,구로구,"4,011","4,340"
745,2016년02월,구로구,"4,893","5,255"
746,2016년03월,구로구,"4,914","5,078"
747,2016년04월,구로구,"4,176","4,767"
748,2016년05월,구로구,"4,634","4,909"
749,2016년06월,구로구,"4,464","4,759"
750,2016년07월,구로구,"3,980","4,527"
751,2016년08월,구로구,"4,708","5,822"
752,2016년09월,구로구,"4,318","5,062"
753,2016년10월,구로구,"4,766","5,650"
754,2016년11월,구로구,"4,794","5,538"
755,2016년12월,구로구,"4,710","5,851"
756,2017년01월,구로구,"3,975","4,307"
757,2017년02월,구로구,"5,107","5,872"
758,2017년03월,구로구,"4,966","5,351"
759,2017년04월,구로구,"3,971","4,519"
760,2017년05월,구로구,"4,429","5,229"
761,2017년06월,구로구,"3,994","4,530"
762,2017년07월,구로구,"3,829","4,353"
763,2017년08월,구로구,"4,156","5,195"
764,2017년09월,구로구,"4,227","5,204"
765,2017년10월,구로구,"3,754","4,457"
766,2017년11월,구로구,"3,952","4,835"
767,2017년12월,구로구,"3,717","4,820"
768,2018년01월,구로구,"4,082","5,095"
769,2018년02월,구로구,"4,225","5,513"
770,2018년03월,구로구,"5,656","5,985"
771,2018년04월,구로구,"4,205","4,816"
772,2018년05월,구로구,"4,451","4,903"
773,2018년06월,구로구,"3,818","4,182"
774,2018년07월,구로구,"3,767","4,247"
775,2018년08월,구로구,"3,980","4,530"
776,2018년09월,구로구,"3,104","3,543"
777,2018년10월,구로구,"4,820","5,456"
778,2018년11월,구로구,"4,756","5,428"
779,2018년12월,구로구,"4,244","4,845"
780,2014년01월,송파구,"8,954","7,183"
781,2014년02월,송파구,"12,341","10,518"
782,2014년03월,송파구,"9,278","9,965"
783,2014년04월,송파구,"8,367","9,558"
784,2014년05월,송파구,"7,991","8,799"
785,2014년06월,송파구,"7,150","7,925"
786,2014년07월,송파구,"7,207","8,202"
787,2014년08월,송파구,"7,099","8,622"
788,2014년09월,송파구,"7,121","8,208"
789,2014년10월,송파구,"8,258","10,045"
790,2014년11월,송파구,"7,637","8,786"
791,2014년12월,송파구,"8,320","9,679"
792,2015년01월,송파구,"7,394","7,832"
793,2015년02월,송파구,"9,183","9,245"
794,2015년03월,송파구,"10,411","10,612"
795,2015년04월,송파구,"8,747","9,335"
796,2015년05월,송파구,"8,373","8,832"
797,2015년06월,송파구,"8,556","9,319"
798,2015년07월,송파구,"7,980","9,004"
799,2015년08월,송파구,"8,145","8,995"
800,2015년09월,송파구,"6,914","7,758"
801,2015년10월,송파구,"8,430","9,684"
802,2015년11월,송파구,"8,562","9,782"
803,2015년12월,송파구,"9,299","10,948"
804,2016년01월,송파구,"8,050","8,797"
805,2016년02월,송파구,"9,659","11,843"
806,2016년03월,송파구,"8,715","10,291"
807,2016년04월,송파구,"7,463","8,420"
808,2016년05월,송파구,"7,781","8,808"
809,2016년06월,송파구,"7,659","8,349"
810,2016년07월,송파구,"7,480","7,766"
811,2016년08월,송파구,"9,371","10,085"
812,2016년09월,송파구,"8,393","8,620"
813,2016년10월,송파구,"10,931","10,247"
814,2016년11월,송파구,"10,392","9,640"
815,2016년12월,송파구,"9,841","9,869"
816,2017년01월,송파구,"8,991","7,937"
817,2017년02월,송파구,"13,113","11,852"
818,2017년03월,송파구,"9,694","9,930"
819,2017년04월,송파구,"7,826","8,325"
820,2017년05월,송파구,"8,658","8,493"
821,2017년06월,송파구,"7,968","7,721"
822,2017년07월,송파구,"7,936","7,811"
823,2017년08월,송파구,"9,695","9,570"
824,2017년09월,송파구,"8,099","8,634"
825,2017년10월,송파구,"9,771","8,845"
826,2017년11월,송파구,"9,781","9,270"
827,2017년12월,송파구,"9,340","8,766"
828,2018년01월,송파구,"9,146","8,768"
829,2018년02월,송파구,"9,695","9,653"
830,2018년03월,송파구,"9,836","10,013"
831,2018년04월,송파구,"8,273","8,474"
832,2018년05월,송파구,"8,182","8,153"
833,2018년06월,송파구,"8,317","7,728"
834,2018년07월,송파구,"8,104","7,682"
835,2018년08월,송파구,"7,939","8,114"
836,2018년09월,송파구,"5,900","6,383"
837,2018년10월,송파구,"9,018","9,357"
838,2018년11월,송파구,"8,160","8,692"
839,2018년12월,송파구,"8,490","8,469"
840,2014년01월,강남구,"7,806","7,731"
841,2014년02월,강남구,"11,261","10,765"
842,2014년03월,강남구,"10,666","10,176"
843,2014년04월,강남구,"9,816","8,626"
844,2014년05월,강남구,"9,556","8,369"
845,2014년06월,강남구,"7,692","7,358"
846,2014년07월,강남구,"9,781","8,590"
847,2014년08월,강남구,"10,340","8,426"
848,2014년09월,강남구,"8,983","7,990"
849,2014년10월,강남구,"10,106","8,928"
850,2014년11월,강남구,"9,280","8,025"
851,2014년12월,강남구,"10,619","9,428"
852,2015년01월,강남구,"9,034","8,464"
853,2015년02월,강남구,"10,399","10,042"
854,2015년03월,강남구,"9,810","11,548"
855,2015년04월,강남구,"8,496","9,887"
856,2015년05월,강남구,"7,472","8,891"
857,2015년06월,강남구,"8,317","9,221"
858,2015년07월,강남구,"10,167","9,233"
859,2015년08월,강남구,"8,812","9,026"
860,2015년09월,강남구,"7,123","8,080"
861,2015년10월,강남구,"10,409","9,955"
862,2015년11월,강남구,"8,921","9,424"
863,2015년12월,강남구,"9,577","10,752"
864,2016년01월,강남구,"7,970","8,625"
865,2016년02월,강남구,"10,421","11,346"
866,2016년03월,강남구,"8,360","10,605"
867,2016년04월,강남구,"6,944","8,535"
868,2016년05월,강남구,"7,392","8,718"
869,2016년06월,강남구,"7,381","8,236"
870,2016년07월,강남구,"7,276","8,120"
871,2016년08월,강남구,"8,715","9,512"
872,2016년09월,강남구,"7,318","8,088"
873,2016년10월,강남구,"7,656","8,325"
874,2016년11월,강남구,"7,807","9,208"
875,2016년12월,강남구,"8,118","9,631"
876,2017년01월,강남구,"7,503","7,745"
877,2017년02월,강남구,"10,970","11,638"
878,2017년03월,강남구,"8,254","9,334"
879,2017년04월,강남구,"6,328","7,153"
880,2017년05월,강남구,"7,028","7,986"
881,2017년06월,강남구,"6,743","7,551"
882,2017년07월,강남구,"7,238","7,825"
883,2017년08월,강남구,"8,684","9,719"
884,2017년09월,강남구,"6,963","8,556"
885,2017년10월,강남구,"6,490","7,962"
886,2017년11월,강남구,"6,781","8,749"
887,2017년12월,강남구,"7,492","9,149"
888,2018년01월,강남구,"8,175","8,896"
889,2018년02월,강남구,"9,841","10,708"
890,2018년03월,강남구,"8,627","10,540"
891,2018년04월,강남구,"7,327","9,271"
892,2018년05월,강남구,"7,419","9,974"
893,2018년06월,강남구,"6,607","8,523"
894,2018년07월,강남구,"7,161","8,431"
895,2018년08월,강남구,"7,901","8,748"
896,2018년09월,강남구,"5,850","6,811"
897,2018년10월,강남구,"7,801","8,285"
898,2018년11월,강남구,"6,679","7,964"
899,2018년12월,강남구,"8,223","8,651"
900,2014년01월,양천구,"4,494","5,007"
901,2014년02월,양천구,"6,643","7,163"
902,2014년03월,양천구,"5,874","6,417"
903,2014년04월,양천구,"5,651","6,002"
904,2014년05월,양천구,"5,060","5,484"
905,2014년06월,양천구,"4,597","5,708"
906,2014년07월,양천구,"4,891","6,380"
907,2014년08월,양천구,"4,947","6,084"
908,2014년09월,양천구,"4,446","5,051"
909,2014년10월,양천구,"5,640","6,303"
910,2014년11월,양천구,"4,823","5,152"
911,2014년12월,양천구,"5,436","6,021"
912,2015년01월,양천구,"5,018","4,873"
913,2015년02월,양천구,"5,858","6,072"
914,2015년03월,양천구,"5,933","6,371"
915,2015년04월,양천구,"5,195","5,514"
916,2015년05월,양천구,"5,421","5,697"
917,2015년06월,양천구,"5,419","6,012"
918,2015년07월,양천구,"5,774","6,075"
919,2015년08월,양천구,"5,736","5,970"
920,2015년09월,양천구,"4,665","5,160"
921,2015년10월,양천구,"5,855","6,265"
922,2015년11월,양천구,"6,150","6,262"
923,2015년12월,양천구,"5,565","6,353"
924,2016년01월,양천구,"4,659","5,082"
925,2016년02월,양천구,"6,233","6,901"
926,2016년03월,양천구,"4,827","5,769"
927,2016년04월,양천구,"4,374","5,175"
928,2016년05월,양천구,"5,394","6,030"
929,2016년06월,양천구,"5,863","6,147"
930,2016년07월,양천구,"5,323","5,689"
931,2016년08월,양천구,"6,563","6,919"
932,2016년09월,양천구,"5,184","5,808"
933,2016년10월,양천구,"5,784","6,823"
934,2016년11월,양천구,"5,624","7,110"
935,2016년12월,양천구,"5,557","6,951"
936,2017년01월,양천구,"4,654","5,131"
937,2017년02월,양천구,"6,577","7,394"
938,2017년03월,양천구,"5,054","5,922"
939,2017년04월,양천구,"4,107","4,642"
940,2017년05월,양천구,"4,251","5,258"
941,2017년06월,양천구,"4,218","4,768"
942,2017년07월,양천구,"4,159","4,561"
943,2017년08월,양천구,"5,044","5,670"
944,2017년09월,양천구,"4,229","5,021"
945,2017년10월,양천구,"4,027","4,458"
946,2017년11월,양천구,"4,110","4,808"
947,2017년12월,양천구,"4,367","5,096"
948,2018년01월,양천구,"4,554","5,093"
949,2018년02월,양천구,"5,706","6,150"
950,2018년03월,양천구,"4,959","6,077"
951,2018년04월,양천구,"4,040","4,769"
952,2018년05월,양천구,"4,071","4,984"
953,2018년06월,양천구,"3,975","4,628"
954,2018년07월,양천구,"4,470","4,987"
955,2018년08월,양천구,"4,910","5,425"
956,2018년09월,양천구,"3,611","3,834"
957,2018년10월,양천구,"5,084","5,735"
958,2018년11월,양천구,"4,619","5,370"
959,2018년12월,양천구,"4,580","5,362"
960,2014년01월,도봉구,"3,037","3,420"
961,2014년02월,도봉구,"4,051","4,693"
962,2014년03월,도봉구,"4,344","4,428"
963,2014년04월,도봉구,"4,152","4,588"
964,2014년05월,도봉구,"4,033","4,601"
965,2014년06월,도봉구,"3,707","4,103"
966,2014년07월,도봉구,"3,467","4,109"
967,2014년08월,도봉구,"3,428","3,815"
968,2014년09월,도봉구,"3,397","3,977"
969,2014년10월,도봉구,"4,397","4,964"
970,2014년11월,도봉구,"3,832","4,302"
971,2014년12월,도봉구,"3,813","4,552"
972,2015년01월,도봉구,"3,203","3,495"
973,2015년02월,도봉구,"3,338","3,545"
974,2015년03월,도봉구,"4,602","4,756"
975,2015년04월,도봉구,"4,376","4,338"
976,2015년05월,도봉구,"4,530","4,664"
977,2015년06월,도봉구,"4,474","4,729"
978,2015년07월,도봉구,"4,235","4,511"
979,2015년08월,도봉구,"4,081","4,550"
980,2015년09월,도봉구,"3,706","4,006"
981,2015년10월,도봉구,"4,405","4,876"
982,2015년11월,도봉구,"4,100","4,654"
983,2015년12월,도봉구,"3,911","4,336"
984,2016년01월,도봉구,"3,091","3,302"
985,2016년02월,도봉구,"3,604","4,001"
986,2016년03월,도봉구,"4,033","4,296"
987,2016년04월,도봉구,"3,491","3,749"
988,2016년05월,도봉구,"4,017","4,078"
989,2016년06월,도봉구,"3,684","3,924"
990,2016년07월,도봉구,"3,192","3,747"
991,2016년08월,도봉구,"3,996","4,377"
992,2016년09월,도봉구,"3,607","3,882"
993,2016년10월,도봉구,"4,256","4,356"
994,2016년11월,도봉구,"4,116","4,546"
995,2016년12월,도봉구,"3,749","4,349"
996,2017년01월,도봉구,"2,818","3,186"
997,2017년02월,도봉구,"3,467","4,015"
998,2017년03월,도봉구,"3,660","4,389"
999,2017년04월,도봉구,"3,193","3,689"
1000,2017년05월,도봉구,"3,687","3,935"
1001,2017년06월,도봉구,"3,503","3,543"
1002,2017년07월,도봉구,"3,538","3,694"
1003,2017년08월,도봉구,"3,765","3,926"
1004,2017년09월,도봉구,"3,582","3,992"
1005,2017년10월,도봉구,"3,522","3,667"
1006,2017년11월,도봉구,"3,466","3,761"
1007,2017년12월,도봉구,"2,764","3,463"
1008,2018년01월,도봉구,"2,872","3,152"
1009,2018년02월,도봉구,"2,994","3,432"
1010,2018년03월,도봉구,"3,602","4,131"
1011,2018년04월,도봉구,"3,363","3,717"
1012,2018년05월,도봉구,"3,844","4,152"
1013,2018년06월,도봉구,"3,150","3,451"
1014,2018년07월,도봉구,"3,085","3,386"
1015,2018년08월,도봉구,"3,308","3,660"
1016,2018년09월,도봉구,"2,631","3,031"
1017,2018년10월,도봉구,"3,819","4,351"
1018,2018년11월,도봉구,"3,631","4,165"
1019,2018년12월,도봉구,"3,219","3,585"
1020,2014년01월,동작구,"4,934","5,173"
1021,2014년02월,동작구,"6,930","6,719"
1022,2014년03월,동작구,"6,335","6,445"
1023,2014년04월,동작구,"5,592","5,874"
1024,2014년05월,동작구,"5,574","5,614"
1025,2014년06월,동작구,"4,793","5,373"
1026,2014년07월,동작구,"4,792","5,427"
1027,2014년08월,동작구,"4,600","5,297"
1028,2014년09월,동작구,"4,356","5,090"
1029,2014년10월,동작구,"5,375","6,358"
1030,2014년11월,동작구,"4,636","5,435"
1031,2014년12월,동작구,"5,374","6,312"
1032,2015년01월,동작구,"4,830","5,157"
1033,2015년02월,동작구,"6,001","6,425"
1034,2015년03월,동작구,"7,086","6,861"
1035,2015년04월,동작구,"5,979","6,310"
1036,2015년05월,동작구,"5,464","5,944"
1037,2015년06월,동작구,"5,547","6,475"
1038,2015년07월,동작구,"5,283","6,389"
1039,2015년08월,동작구,"5,471","6,884"
1040,2015년09월,동작구,"4,834","6,170"
1041,2015년10월,동작구,"5,430","6,815"
1042,2015년11월,동작구,"5,273","6,260"
1043,2015년12월,동작구,"5,496","6,406"
1044,2016년01월,동작구,"4,948","5,141"
1045,2016년02월,동작구,"6,883","6,789"
1046,2016년03월,동작구,"6,197","5,995"
1047,2016년04월,동작구,"5,004","4,980"
1048,2016년05월,동작구,"5,292","5,246"
1049,2016년06월,동작구,"5,126","5,077"
1050,2016년07월,동작구,"4,357","4,696"
1051,2016년08월,동작구,"5,583","5,741"
1052,2016년09월,동작구,"5,575","5,498"
1053,2016년10월,동작구,"6,140","6,323"
1054,2016년11월,동작구,"5,630","6,165"
1055,2016년12월,동작구,"5,690","6,592"
1056,2017년01월,동작구,"4,982","5,385"
1057,2017년02월,동작구,"7,118","7,309"
1058,2017년03월,동작구,"6,086","6,248"
1059,2017년04월,동작구,"4,626","5,118"
1060,2017년05월,동작구,"5,168","5,795"
1061,2017년06월,동작구,"4,664","4,995"
1062,2017년07월,동작구,"4,639","4,903"
1063,2017년08월,동작구,"5,542","5,923"
1064,2017년09월,동작구,"4,575","5,138"
1065,2017년10월,동작구,"4,278","4,997"
1066,2017년11월,동작구,"4,625","5,533"
1067,2017년12월,동작구,"4,646","5,634"
1068,2018년01월,동작구,"5,206","5,966"
1069,2018년02월,동작구,"6,138","6,829"
1070,2018년03월,동작구,"6,135","6,782"
1071,2018년04월,동작구,"5,041","5,249"
1072,2018년05월,동작구,"5,617","5,385"
1073,2018년06월,동작구,"5,112","4,977"
1074,2018년07월,동작구,"5,081","4,820"
1075,2018년08월,동작구,"5,408","5,137"
1076,2018년09월,동작구,"4,125","4,180"
1077,2018년10월,동작구,"5,504","5,867"
1078,2018년11월,동작구,"5,362","5,396"
1079,2018년12월,동작구,"6,370","5,517"
1080,2014년01월,성동구,"2,902","3,224"
1081,2014년02월,성동구,"4,431","4,697"
1082,2014년03월,성동구,"4,913","4,685"
1083,2014년04월,성동구,"4,504","4,428"
1084,2014년05월,성동구,"4,023","4,219"
1085,2014년06월,성동구,"3,494","3,810"
1086,2014년07월,성동구,"3,631","4,048"
1087,2014년08월,성동구,"3,196","3,948"
1088,2014년09월,성동구,"3,450","4,061"
1089,2014년10월,성동구,"4,301","5,221"
1090,2014년11월,성동구,"3,874","4,448"
1091,2014년12월,성동구,"3,802","4,560"
1092,2015년01월,성동구,"3,555","3,807"
1093,2015년02월,성동구,"3,941","4,186"
1094,2015년03월,성동구,"4,717","4,887"
1095,2015년04월,성동구,"4,153","4,053"
1096,2015년05월,성동구,"5,354","4,400"
1097,2015년06월,성동구,"4,875","4,177"
1098,2015년07월,성동구,"3,757","3,839"
1099,2015년08월,성동구,"3,859","4,036"
1100,2015년09월,성동구,"3,329","3,406"
1101,2015년10월,성동구,"3,781","4,258"
1102,2015년11월,성동구,"3,342","3,914"
1103,2015년12월,성동구,"3,442","4,128"
1104,2016년01월,성동구,"2,980","3,182"
1105,2016년02월,성동구,"4,080","4,406"
1106,2016년03월,성동구,"3,882","4,152"
1107,2016년04월,성동구,"3,374","3,457"
1108,2016년05월,성동구,"4,204","3,747"
1109,2016년06월,성동구,"4,061","3,870"
1110,2016년07월,성동구,"3,280","3,366"
1111,2016년08월,성동구,"4,131","4,180"
1112,2016년09월,성동구,"3,327","3,596"
1113,2016년10월,성동구,"3,534","4,322"
1114,2016년11월,성동구,"4,401","4,255"
1115,2016년12월,성동구,"6,375","4,453"
1116,2017년01월,성동구,"5,362","3,656"
1117,2017년02월,성동구,"6,412","4,956"
1118,2017년03월,성동구,"5,029","4,313"
1119,2017년04월,성동구,"3,564","3,459"
1120,2017년05월,성동구,"3,901","3,787"
1121,2017년06월,성동구,"3,654","3,504"
1122,2017년07월,성동구,"3,649","3,569"
1123,2017년08월,성동구,"4,631","4,207"
1124,2017년09월,성동구,"3,916","3,920"
1125,2017년10월,성동구,"3,282","3,448"
1126,2017년11월,성동구,"3,548","3,613"
1127,2017년12월,성동구,"3,468","3,599"
1128,2018년01월,성동구,"3,948","3,863"
1129,2018년02월,성동구,"4,560","4,361"
1130,2018년03월,성동구,"6,307","5,065"
1131,2018년04월,성동구,"4,940","4,101"
1132,2018년05월,성동구,"4,012","3,955"
1133,2018년06월,성동구,"3,758","3,400"
1134,2018년07월,성동구,"4,322","4,011"
1135,2018년08월,성동구,"4,286","3,861"
1136,2018년09월,성동구,"3,283","3,156"
1137,2018년10월,성동구,"4,428","4,623"
1138,2018년11월,성동구,"3,874","4,345"
1139,2018년12월,성동구,"3,640","4,271"
1140,2014년01월,성북구,"4,752","5,087"
1141,2014년02월,성북구,"6,930","7,218"
1142,2014년03월,성북구,"6,366","6,762"
1143,2014년04월,성북구,"5,518","6,345"
1144,2014년05월,성북구,"5,364","6,199"
1145,2014년06월,성북구,"5,353","6,672"
1146,2014년07월,성북구,"5,150","6,363"
1147,2014년08월,성북구,"4,831","6,084"
1148,2014년09월,성북구,"4,793","5,835"
1149,2014년10월,성북구,"5,415","6,805"
1150,2014년11월,성북구,"5,126","6,255"
1151,2014년12월,성북구,"5,484","6,896"
1152,2015년01월,성북구,"4,844","5,329"
1153,2015년02월,성북구,"6,240","6,371"
1154,2015년03월,성북구,"7,160","7,478"
1155,2015년04월,성북구,"5,490","6,417"
1156,2015년05월,성북구,"5,873","6,794"
1157,2015년06월,성북구,"6,132","6,884"
1158,2015년07월,성북구,"5,539","6,414"
1159,2015년08월,성북구,"5,322","6,186"
1160,2015년09월,성북구,"4,491","5,337"
1161,2015년10월,성북구,"5,476","6,412"
1162,2015년11월,성북구,"4,990","6,075"
1163,2015년12월,성북구,"5,247","6,516"
1164,2016년01월,성북구,"4,288","4,788"
1165,2016년02월,성북구,"6,122","6,384"
1166,2016년03월,성북구,"5,938","6,310"
1167,2016년04월,성북구,"4,500","5,079"
1168,2016년05월,성북구,"4,666","5,485"
1169,2016년06월,성북구,"4,620","5,378"
1170,2016년07월,성북구,"4,497","5,695"
1171,2016년08월,성북구,"5,529","6,768"
1172,2016년09월,성북구,"4,565","5,601"
1173,2016년10월,성북구,"5,168","6,108"
1174,2016년11월,성북구,"4,996","6,155"
1175,2016년12월,성북구,"5,111","6,645"
1176,2017년01월,성북구,"4,756","5,506"
1177,2017년02월,성북구,"7,900","7,670"
1178,2017년03월,성북구,"6,574","6,712"
1179,2017년04월,성북구,"4,541","5,089"
1180,2017년05월,성북구,"4,806","5,403"
1181,2017년06월,성북구,"4,415","5,094"
1182,2017년07월,성북구,"4,078","4,562"
1183,2017년08월,성북구,"5,096","5,647"
1184,2017년09월,성북구,"4,965","5,837"
1185,2017년10월,성북구,"4,393","5,310"
1186,2017년11월,성북구,"5,007","5,859"
1187,2017년12월,성북구,"4,754","5,532"
1188,2018년01월,성북구,"4,780","5,520"
1189,2018년02월,성북구,"5,843","6,306"
1190,2018년03월,성북구,"5,811","6,424"
1191,2018년04월,성북구,"4,564","5,173"
1192,2018년05월,성북구,"4,534","5,250"
1193,2018년06월,성북구,"4,420","5,137"
1194,2018년07월,성북구,"4,410","5,402"
1195,2018년08월,성북구,"4,898","5,594"
1196,2018년09월,성북구,"3,645","4,228"
1197,2018년10월,성북구,"5,097","5,931"
1198,2018년11월,성북구,"4,764","5,466"
1199,2018년12월,성북구,"4,381","5,046"
1200,2014년01월,마포구,"4,334","4,470"
1201,2014년02월,마포구,"5,980","6,245"
1202,2014년03월,마포구,"6,218","6,144"
1203,2014년04월,마포구,"5,491","5,674"
1204,2014년05월,마포구,"5,221","5,442"
1205,2014년06월,마포구,"4,261","5,094"
1206,2014년07월,마포구,"4,686","5,565"
1207,2014년08월,마포구,"5,072","5,495"
1208,2014년09월,마포구,"4,586","4,900"
1209,2014년10월,마포구,"7,789","6,071"
1210,2014년11월,마포구,"7,979","5,873"
1211,2014년12월,마포구,"7,236","6,173"
1212,2015년01월,마포구,"6,298","5,205"
1213,2015년02월,마포구,"7,242","6,158"
1214,2015년03월,마포구,"7,564","7,468"
1215,2015년04월,마포구,"6,018","5,942"
1216,2015년05월,마포구,"6,546","5,779"
1217,2015년06월,마포구,"6,113","6,045"
1218,2015년07월,마포구,"5,485","5,706"
1219,2015년08월,마포구,"5,335","5,733"
1220,2015년09월,마포구,"4,728","4,995"
1221,2015년10월,마포구,"5,592","6,160"
1222,2015년11월,마포구,"5,280","6,552"
1223,2015년12월,마포구,"5,283","6,511"
1224,2016년01월,마포구,"4,622","5,146"
1225,2016년02월,마포구,"6,165","6,376"
1226,2016년03월,마포구,"6,400","6,902"
1227,2016년04월,마포구,"5,298","6,276"
1228,2016년05월,마포구,"5,175","6,001"
1229,2016년06월,마포구,"5,027","5,934"
1230,2016년07월,마포구,"4,479","5,177"
1231,2016년08월,마포구,"5,179","6,184"
1232,2016년09월,마포구,"4,735","5,632"
1233,2016년10월,마포구,"5,008","6,279"
1234,2016년11월,마포구,"5,402","6,481"
1235,2016년12월,마포구,"5,152","6,405"
1236,2017년01월,마포구,"4,518","5,162"
1237,2017년02월,마포구,"6,713","7,214"
1238,2017년03월,마포구,"5,749","6,240"
1239,2017년04월,마포구,"4,821","5,060"
1240,2017년05월,마포구,"4,822","5,150"
1241,2017년06월,마포구,"4,474","4,958"
1242,2017년07월,마포구,"4,363","4,711"
1243,2017년08월,마포구,"5,112","5,692"
1244,2017년09월,마포구,"4,589","5,202"
1245,2017년10월,마포구,"3,822","4,617"
1246,2017년11월,마포구,"4,319","4,927"
1247,2017년12월,마포구,"4,188","4,756"
1248,2018년01월,마포구,"4,946","5,170"
1249,2018년02월,마포구,"5,873","5,930"
1250,2018년03월,마포구,"6,126","6,253"
1251,2018년04월,마포구,"4,870","5,044"
1252,2018년05월,마포구,"4,736","4,841"
1253,2018년06월,마포구,"4,431","4,462"
1254,2018년07월,마포구,"4,363","4,582"
1255,2018년08월,마포구,"4,434","4,847"
1256,2018년09월,마포구,"3,728","3,941"
1257,2018년10월,마포구,"6,213","5,815"
1258,2018년11월,마포구,"5,732","5,418"
1259,2018년12월,마포구,"4,775","4,768"
1260,2014년01월,강서구,"5,938","6,139"
1261,2014년02월,강서구,"7,478","8,172"
1262,2014년03월,강서구,"7,634","8,062"
1263,2014년04월,강서구,"7,405","7,636"
1264,2014년05월,강서구,"6,884","7,225"
1265,2014년06월,강서구,"11,073","8,883"
1266,2014년07월,강서구,"13,750","9,905"
1267,2014년08월,강서구,"13,762","9,507"
1268,2014년09월,강서구,"9,300","7,482"
1269,2014년10월,강서구,"10,326","8,865"
1270,2014년11월,강서구,"8,029","7,310"
1271,2014년12월,강서구,"7,857","7,362"
1272,2015년01월,강서구,"6,726","6,236"
1273,2015년02월,강서구,"7,694","7,409"
1274,2015년03월,강서구,"9,290","8,979"
1275,2015년04월,강서구,"8,096","7,947"
1276,2015년05월,강서구,"7,741","7,775"
1277,2015년06월,강서구,"8,231","8,012"
1278,2015년07월,강서구,"7,809","7,651"
1279,2015년08월,강서구,"7,445","7,305"
1280,2015년09월,강서구,"7,282","7,365"
1281,2015년10월,강서구,"8,579","9,049"
1282,2015년11월,강서구,"7,884","8,446"
1283,2015년12월,강서구,"7,827","8,327"
1284,2016년01월,강서구,"6,786","6,364"
1285,2016년02월,강서구,"7,858","7,728"
1286,2016년03월,강서구,"7,810","7,531"
1287,2016년04월,강서구,"6,686","6,643"
1288,2016년05월,강서구,"7,548","7,539"
1289,2016년06월,강서구,"7,003","7,344"
1290,2016년07월,강서구,"7,018","7,826"
1291,2016년08월,강서구,"9,712","9,148"
1292,2016년09월,강서구,"8,764","7,999"
1293,2016년10월,강서구,"9,642","8,981"
1294,2016년11월,강서구,"8,922","8,022"
1295,2016년12월,강서구,"8,103","7,886"
1296,2017년01월,강서구,"6,685","6,245"
1297,2017년02월,강서구,"8,584","8,327"
1298,2017년03월,강서구,"8,242","7,680"
1299,2017년04월,강서구,"7,226","6,780"
1300,2017년05월,강서구,"8,541","7,469"
1301,2017년06월,강서구,"7,998","7,145"
1302,2017년07월,강서구,"7,279","6,962"
1303,2017년08월,강서구,"7,812","7,598"
1304,2017년09월,강서구,"7,493","7,632"
1305,2017년10월,강서구,"6,603","6,767"
1306,2017년11월,강서구,"7,057","7,095"
1307,2017년12월,강서구,"6,697","6,783"
1308,2018년01월,강서구,"6,743","6,813"
1309,2018년02월,강서구,"7,411","7,463"
1310,2018년03월,강서구,"8,215","8,573"
1311,2018년04월,강서구,"6,979","7,493"
1312,2018년05월,강서구,"6,944","7,655"
1313,2018년06월,강서구,"6,350","7,034"
1314,2018년07월,강서구,"6,886","7,752"
1315,2018년08월,강서구,"6,704","7,608"
1316,2018년09월,강서구,"5,482","6,021"
1317,2018년10월,강서구,"7,769","8,518"
1318,2018년11월,강서구,"7,518","8,071"
1319,2018년12월,강서구,"6,698","7,280"
1320,2014년01월,서초구,"7,352","6,055"
1321,2014년02월,서초구,"8,887","8,358"
1322,2014년03월,서초구,"6,542","7,240"
1323,2014년04월,서초구,"5,690","6,401"
1324,2014년05월,서초구,"5,711","5,883"
1325,2014년06월,서초구,"5,517","5,160"
1326,2014년07월,서초구,"6,881","5,908"
1327,2014년08월,서초구,"7,538","5,787"
1328,2014년09월,서초구,"6,021","5,185"
1329,2014년10월,서초구,"7,080","6,107"
1330,2014년11월,서초구,"5,540","5,688"
1331,2014년12월,서초구,"6,564","6,740"
1332,2015년01월,서초구,"6,405","5,998"
1333,2015년02월,서초구,"7,328","7,585"
1334,2015년03월,서초구,"7,995","9,888"
1335,2015년04월,서초구,"6,423","7,913"
1336,2015년05월,서초구,"5,535","6,576"
1337,2015년06월,서초구,"6,453","6,804"
1338,2015년07월,서초구,"6,875","6,748"
1339,2015년08월,서초구,"6,763","6,612"
1340,2015년09월,서초구,"4,959","5,304"
1341,2015년10월,서초구,"5,930","6,226"
1342,2015년11월,서초구,"5,501","6,459"
1343,2015년12월,서초구,"6,376","7,207"
1344,2016년01월,서초구,"5,280","5,767"
1345,2016년02월,서초구,"7,100","7,876"
1346,2016년03월,서초구,"6,098","6,691"
1347,2016년04월,서초구,"4,928","5,483"
1348,2016년05월,서초구,"4,979","5,536"
1349,2016년06월,서초구,"5,349","5,435"
1350,2016년07월,서초구,"5,333","5,427"
1351,2016년08월,서초구,"5,819","6,163"
1352,2016년09월,서초구,"6,026","5,552"
1353,2016년10월,서초구,"7,410","6,813"
1354,2016년11월,서초구,"6,575","6,733"
1355,2016년12월,서초구,"6,239","6,843"
1356,2017년01월,서초구,"5,785","5,980"
1357,2017년02월,서초구,"8,204","8,413"
1358,2017년03월,서초구,"6,602","7,773"
1359,2017년04월,서초구,"4,902","5,550"
1360,2017년05월,서초구,"5,428","6,447"
1361,2017년06월,서초구,"5,164","6,185"
1362,2017년07월,서초구,"5,958","6,666"
1363,2017년08월,서초구,"6,572","6,932"
1364,2017년09월,서초구,"5,160","5,549"
1365,2017년10월,서초구,"4,685","5,242"
1366,2017년11월,서초구,"4,962","5,817"
1367,2017년12월,서초구,"5,258","6,020"
1368,2018년01월,서초구,"5,751","5,917"
1369,2018년02월,서초구,"7,378","7,199"
1370,2018년03월,서초구,"6,631","7,161"
1371,2018년04월,서초구,"5,083","5,594"
1372,2018년05월,서초구,"5,213","5,737"
1373,2018년06월,서초구,"5,200","5,695"
1374,2018년07월,서초구,"5,736","6,713"
1375,2018년08월,서초구,"6,621","7,549"
1376,2018년09월,서초구,"5,591","6,579"
1377,2018년10월,서초구,"8,270","9,572"
1378,2018년11월,서초구,"7,125","8,650"
1379,2018년12월,서초구,"6,059","7,123"
1380,2014년01월,금천구,"2,253","2,492"
1381,2014년02월,금천구,"2,966","3,167"
1382,2014년03월,금천구,"3,255","3,589"
1383,2014년04월,금천구,"3,277","3,586"
1384,2014년05월,금천구,"3,070","3,256"
1385,2014년06월,금천구,"2,775","3,211"
1386,2014년07월,금천구,"2,719","2,981"
1387,2014년08월,금천구,"2,372","2,749"
1388,2014년09월,금천구,"2,486","2,687"
1389,2014년10월,금천구,"2,894","3,257"
1390,2014년11월,금천구,"2,691","2,980"
1391,2014년12월,금천구,"2,752","3,116"
1392,2015년01월,금천구,"2,394","2,356"
1393,2015년02월,금천구,"2,245","2,393"
1394,2015년03월,금천구,"3,303","3,438"
1395,2015년04월,금천구,"3,252","3,311"
1396,2015년05월,금천구,"2,991","3,190"
1397,2015년06월,금천구,"3,145","3,344"
1398,2015년07월,금천구,"2,750","3,004"
1399,2015년08월,금천구,"2,798","3,144"
1400,2015년09월,금천구,"2,418","2,843"
1401,2015년10월,금천구,"3,029","3,601"
1402,2015년11월,금천구,"3,011","3,440"
1403,2015년12월,금천구,"2,720","3,239"
1404,2016년01월,금천구,"2,345","2,565"
1405,2016년02월,금천구,"2,726","3,022"
1406,2016년03월,금천구,"2,974","3,214"
1407,2016년04월,금천구,"2,746","2,872"
1408,2016년05월,금천구,"2,848","3,043"
1409,2016년06월,금천구,"2,573","2,843"
1410,2016년07월,금천구,"2,322","2,577"
1411,2016년08월,금천구,"2,640","3,132"
1412,2016년09월,금천구,"2,359","2,781"
1413,2016년10월,금천구,"2,804","3,233"
1414,2016년11월,금천구,"2,876","3,213"
1415,2016년12월,금천구,"5,657","4,033"
1416,2017년01월,금천구,"3,508","2,812"
1417,2017년02월,금천구,"3,570","3,427"
1418,2017년03월,금천구,"3,313","3,223"
1419,2017년04월,금천구,"2,784","2,772"
1420,2017년05월,금천구,"3,022","2,999"
1421,2017년06월,금천구,"2,628","2,732"
1422,2017년07월,금천구,"2,458","2,732"
1423,2017년08월,금천구,"2,760","3,032"
1424,2017년09월,금천구,"2,519","2,874"
1425,2017년10월,금천구,"2,639","2,815"
1426,2017년11월,금천구,"2,642","2,797"
1427,2017년12월,금천구,"2,387","2,692"
1428,2018년01월,금천구,"2,559","2,726"
1429,2018년02월,금천구,"2,548","2,984"
1430,2018년03월,금천구,"3,156","3,607"
1431,2018년04월,금천구,"2,771","3,247"
1432,2018년05월,금천구,"2,775","3,019"
1433,2018년06월,금천구,"2,308","2,661"
1434,2018년07월,금천구,"2,553","2,688"
1435,2018년08월,금천구,"2,510","2,906"
1436,2018년09월,금천구,"2,145","2,230"
1437,2018년10월,금천구,"3,001","3,157"
1438,2018년11월,금천구,"4,296","3,330"
1439,2018년12월,금천구,"3,172","2,953"
1440,2014년01월,중구,"1,461","1,689"
1441,2014년02월,중구,"1,990","2,149"
1442,2014년03월,중구,"2,084","2,333"
1443,2014년04월,중구,"1,790","2,045"
1444,2014년05월,중구,"1,770","1,892"
1445,2014년06월,중구,"1,615","1,870"
1446,2014년07월,중구,"1,556","1,795"
1447,2014년08월,중구,"1,445","1,688"
1448,2014년09월,중구,"1,455","1,583"
1449,2014년10월,중구,"1,761","1,963"
1450,2014년11월,중구,"1,566","1,928"
1451,2014년12월,중구,"1,612","2,037"
1452,2015년01월,중구,"1,539","1,675"
1453,2015년02월,중구,"1,634","1,691"
1454,2015년03월,중구,"2,050","2,198"
1455,2015년04월,중구,"1,759","2,010"
1456,2015년05월,중구,"1,552","2,043"
1457,2015년06월,중구,"1,638","2,058"
1458,2015년07월,중구,"1,610","1,945"
1459,2015년08월,중구,"1,546","1,786"
1460,2015년09월,중구,"1,444","1,593"
1461,2015년10월,중구,"1,855","1,929"
1462,2015년11월,중구,"1,741","1,978"
1463,2015년12월,중구,"1,710","2,044"
1464,2016년01월,중구,"1,479","1,646"
1465,2016년02월,중구,"2,114","2,195"
1466,2016년03월,중구,"2,115","1,941"
1467,2016년04월,중구,"1,646","1,685"
1468,2016년05월,중구,"1,526","1,783"
1469,2016년06월,중구,"1,533","1,740"
1470,2016년07월,중구,"1,528","1,581"
1471,2016년08월,중구,"1,904","1,772"
1472,2016년09월,중구,"1,567","1,629"
1473,2016년10월,중구,"1,822","1,814"
1474,2016년11월,중구,"1,557","1,729"
1475,2016년12월,중구,"1,804","2,140"
1476,2017년01월,중구,"1,377","1,671"
1477,2017년02월,중구,"1,938","2,232"
1478,2017년03월,중구,"1,741","2,084"
1479,2017년04월,중구,"1,324","1,568"
1480,2017년05월,중구,"1,504","1,548"
1481,2017년06월,중구,"1,533","1,630"
1482,2017년07월,중구,"1,391","1,448"
1483,2017년08월,중구,"2,661","1,826"
1484,2017년09월,중구,"2,305","1,772"
1485,2017년10월,중구,"1,622","1,513"
1486,2017년11월,중구,"1,799","1,690"
1487,2017년12월,중구,"1,709","1,592"
1488,2018년01월,중구,"1,815","1,749"
1489,2018년02월,중구,"2,119","1,947"
1490,2018년03월,중구,"2,227","2,110"
1491,2018년04월,중구,"1,729","1,829"
1492,2018년05월,중구,"1,875","1,732"
1493,2018년06월,중구,"1,535","1,657"
1494,2018년07월,중구,"1,512","1,625"
1495,2018년08월,중구,"1,488","1,620"
1496,2018년09월,중구,"1,334","1,347"
1497,2018년10월,중구,"1,833","1,880"
1498,2018년11월,중구,"1,628","1,688"
1499,2018년12월,중구,"1,676","1,689"
