,자치구,합계,남자,여자
0,중구,132913.0,66914.0,65999.0
1,중구,132406.0,66751.0,65655.0
2,중구,131989.0,66514.0,65475.0
3,중구,133193.0,67065.0,66128.0
4,중구,135444.0,68188.0,67256.0
5,중구,135841.0,68351.0,67490.0
6,중구,135274.0,68039.0,67235.0
7,중구,133360.0,67043.0,66317.0
8,중구,132652.0,66605.0,66047.0
9,중구,132042.0,66263.0,65779.0
10,중구,131085.0,65733.0,65352.0
11,중구,130465.0,65371.0,65094.0
12,중구,129940.0,65029.0,64911.0
13,중구,129430.0,64745.0,64685.0
14,중구,128930.0,64465.0,64465.0
15,중구,128065.0,64033.0,64032.0
16,중구,127843.0,63890.0,63953.0
17,중구,126817.0,63292.0,63525.0
18,중구,126257.0,62977.0,63280.0
19,중구,125733.0,62687.0,63046.0
20,중구,125765.0,62653.0,63112.0
21,중구,125457.0,62458.0,62999.0
22,중구,125635.0,62517.0,63118.0
23,중구,125249.0,62204.0,63045.0
24,중구,124312.0,61656.0,62656.0
25,중구,123970.0,61343.0,62627.0
26,중구,125332.0,62011.0,63321.0
27,중구,125709.0,62253.0,63456.0
28,중구,126082.0,62376.0,63706.0
29,중구,126032.0,62260.0,63772.0
30,중구,125815.0,62063.0,63752.0
31,중구,125725.0,61947.0,63778.0
32,종로구,170099.0,84910.0,85189.0
33,종로구,169473.0,84496.0,84977.0
34,종로구,169188.0,84319.0,84869.0
35,종로구,168382.0,83931.0,84451.0
36,종로구,167967.0,83677.0,84290.0
37,종로구,166996.0,83155.0,83841.0
38,종로구,166573.0,82979.0,83594.0
39,종로구,165207.0,82274.0,82933.0
40,종로구,162777.0,81033.0,81744.0
41,종로구,161485.0,80308.0,81177.0
42,종로구,161004.0,80022.0,80982.0
43,종로구,160070.0,79519.0,80551.0
44,종로구,159551.0,79153.0,80398.0
45,종로구,158821.0,78678.0,80143.0
46,종로구,158067.0,78253.0,79814.0
47,종로구,156993.0,77621.0,79372.0
48,종로구,156645.0,77431.0,79214.0
49,종로구,155695.0,76962.0,78733.0
50,종로구,155508.0,76822.0,78686.0
51,종로구,154986.0,76548.0,78438.0
52,종로구,155142.0,76593.0,78549.0
53,종로구,154365.0,76126.0,78239.0
54,종로구,153793.0,75744.0,78049.0
55,종로구,152737.0,75201.0,77536.0
56,종로구,153589.0,75611.0,77978.0
57,종로구,154408.0,75924.0,78484.0
58,종로구,155109.0,76155.0,78954.0
59,종로구,154770.0,75967.0,78803.0
60,종로구,154549.0,75749.0,78800.0
61,종로구,153780.0,75247.0,78533.0
62,종로구,153396.0,75024.0,78372.0
63,종로구,153065.0,74825.0,78240.0
64,용산구,245361.0,119600.0,125761.0
65,용산구,247057.0,120352.0,126705.0
66,용산구,246932.0,120342.0,126590.0
67,용산구,246501.0,120183.0,126318.0
68,용산구,245711.0,119742.0,125969.0
69,용산구,244770.0,119232.0,125538.0
70,용산구,244221.0,118997.0,125224.0
71,용산구,243232.0,118461.0,124771.0
72,용산구,242630.0,118012.0,124618.0
73,용산구,241818.0,117584.0,124234.0
74,용산구,240927.0,117124.0,123803.0
75,용산구,239740.0,116491.0,123249.0
76,용산구,239381.0,116309.0,123072.0
77,용산구,238523.0,115857.0,122666.0
78,용산구,237302.0,115240.0,122062.0
79,용산구,235951.0,114578.0,121373.0
80,용산구,235723.0,114406.0,121317.0
81,용산구,235186.0,114119.0,121067.0
82,용산구,234347.0,113654.0,120693.0
83,용산구,233342.0,113177.0,120165.0
84,용산구,232684.0,112719.0,119965.0
85,용산구,232335.0,112538.0,119797.0
86,용산구,231528.0,112231.0,119297.0
87,용산구,230241.0,111601.0,118640.0
88,용산구,229456.0,111167.0,118289.0
89,용산구,228861.0,110874.0,117987.0
90,용산구,228960.0,110838.0,118122.0
91,용산구,229161.0,110878.0,118283.0
92,용산구,229909.0,111262.0,118647.0
93,용산구,229677.0,111078.0,118599.0
94,용산구,229391.0,110861.0,118530.0
95,용산구,228999.0,110640.0,118359.0
96,성동구,306941.0,153873.0,153068.0
97,성동구,305113.0,152984.0,152129.0
98,성동구,303196.0,151961.0,151235.0
99,성동구,300711.0,150655.0,150056.0
100,성동구,300078.0,150388.0,149690.0
101,성동구,299683.0,150117.0,149566.0
102,성동구,300112.0,150163.0,149949.0
103,성동구,299604.0,149832.0,149772.0
104,성동구,302038.0,150875.0,151163.0
105,성동구,301648.0,150527.0,151121.0
106,성동구,300734.0,149995.0,150739.0
107,성동구,299337.0,149304.0,150033.0
108,성동구,299416.0,149232.0,150184.0
109,성동구,299328.0,149082.0,150246.0
110,성동구,297952.0,148356.0,149596.0
111,성동구,296086.0,147363.0,148723.0
112,성동구,295901.0,147211.0,148690.0
113,성동구,298145.0,148265.0,149880.0
114,성동구,298249.0,148236.0,150013.0
115,성동구,297003.0,147570.0,149433.0
116,성동구,296575.0,147198.0,149377.0
117,성동구,297558.0,147650.0,149908.0
118,성동구,297615.0,147613.0,150002.0
119,성동구,299259.0,148326.0,150933.0
120,성동구,303380.0,150076.0,153304.0
121,성동구,304049.0,150185.0,153864.0
122,성동구,304879.0,150523.0,154356.0
123,성동구,304808.0,150368.0,154440.0
124,성동구,306532.0,150937.0,155595.0
125,성동구,308066.0,151571.0,156495.0
126,성동구,309251.0,152006.0,157245.0
127,성동구,308221.0,151359.0,156862.0
128,광진구,374794.0,185616.0,189178.0
129,광진구,373863.0,185178.0,188685.0
130,광진구,372891.0,184573.0,188318.0
131,광진구,371936.0,184103.0,187833.0
132,광진구,371769.0,183961.0,187808.0
133,광진구,371789.0,183921.0,187868.0
134,광진구,372169.0,184021.0,188148.0
135,광진구,371313.0,183528.0,187785.0
136,광진구,371170.0,183297.0,187873.0
137,광진구,370279.0,182844.0,187435.0
138,광진구,370036.0,182589.0,187447.0
139,광진구,368927.0,181864.0,187063.0
140,광진구,368325.0,181376.0,186949.0
141,광진구,366939.0,180666.0,186273.0
142,광진구,365356.0,179774.0,185582.0
143,광진구,363354.0,178738.0,184616.0
144,광진구,363136.0,178432.0,184704.0
145,광진구,362197.0,177946.0,184251.0
146,광진구,361173.0,177347.0,183826.0
147,광진구,360369.0,176884.0,183485.0
148,광진구,360083.0,176451.0,183632.0
149,광진구,359310.0,175937.0,183373.0
150,광진구,358744.0,175660.0,183084.0
151,광진구,357215.0,174797.0,182418.0
152,광진구,357211.0,174599.0,182612.0
153,광진구,357252.0,174510.0,182742.0
154,광진구,357743.0,174534.0,183209.0
155,광진구,357703.0,174414.0,183289.0
156,광진구,357149.0,173946.0,183203.0
157,광진구,355748.0,173216.0,182532.0
158,광진구,355032.0,172678.0,182354.0
159,광진구,355559.0,172794.0,182765.0
160,동대문구,367454.0,185183.0,182271.0
161,동대문구,366831.0,184797.0,182034.0
162,동대문구,366879.0,184742.0,182137.0
163,동대문구,365486.0,183925.0,181561.0
164,동대문구,365699.0,184103.0,181596.0
165,동대문구,365353.0,183883.0,181470.0
166,동대문구,364527.0,183390.0,181137.0
167,동대문구,363258.0,182661.0,180597.0
168,동대문구,362625.0,182386.0,180239.0
169,동대문구,364718.0,183344.0,181374.0
170,동대문구,365227.0,183524.0,181703.0
171,동대문구,364273.0,182987.0,181286.0
172,동대문구,363567.0,182569.0,180998.0
173,동대문구,362413.0,181956.0,180457.0
174,동대문구,362468.0,181952.0,180516.0
175,동대문구,363687.0,182510.0,181177.0
176,동대문구,363767.0,182466.0,181301.0
177,동대문구,362604.0,181825.0,180779.0
178,동대문구,361430.0,181184.0,180246.0
179,동대문구,360153.0,180485.0,179668.0
180,동대문구,359864.0,180230.0,179634.0
181,동대문구,358218.0,179387.0,178831.0
182,동대문구,356691.0,178553.0,178138.0
183,동대문구,355069.0,177640.0,177429.0
184,동대문구,354079.0,177021.0,177058.0
185,동대문구,353031.0,176485.0,176546.0
186,동대문구,352011.0,176022.0,175989.0
187,동대문구,350647.0,175324.0,175323.0
188,동대문구,349308.0,174476.0,174832.0
189,동대문구,348903.0,174128.0,174775.0
190,동대문구,350556.0,174863.0,175693.0
191,동대문구,348052.0,173567.0,174485.0
192,중랑구,426852.0,214026.0,212826.0
193,중랑구,425898.0,213432.0,212466.0
194,중랑구,424892.0,212913.0,211979.0
195,중랑구,423706.0,212291.0,211415.0
196,중랑구,422621.0,211771.0,210850.0
197,중랑구,421422.0,211051.0,210371.0
198,중랑구,420529.0,210647.0,209882.0
199,중랑구,419295.0,210043.0,209252.0
200,중랑구,418569.0,209695.0,208874.0
201,중랑구,418266.0,209472.0,208794.0
202,중랑구,417482.0,209001.0,208481.0
203,중랑구,416798.0,208641.0,208157.0
204,중랑구,418475.0,209437.0,209038.0
205,중랑구,418158.0,209176.0,208982.0
206,중랑구,419463.0,209757.0,209706.0
207,중랑구,418836.0,209323.0,209513.0
208,중랑구,418250.0,208950.0,209300.0
209,중랑구,417976.0,208657.0,209319.0
210,중랑구,415474.0,207315.0,208159.0
211,중랑구,413909.0,206505.0,207404.0
212,중랑구,413605.0,206344.0,207261.0
213,중랑구,413400.0,206215.0,207185.0
214,중랑구,412223.0,205634.0,206589.0
215,중랑구,411005.0,204900.0,206105.0
216,중랑구,409882.0,204265.0,205617.0
217,중랑구,410266.0,204338.0,205928.0
218,중랑구,410109.0,204232.0,205877.0
219,중랑구,408226.0,203325.0,204901.0
220,중랑구,406868.0,202526.0,204342.0
221,중랑구,405551.0,201803.0,203748.0
222,중랑구,404313.0,201089.0,203224.0
223,중랑구,403209.0,200419.0,202790.0
224,성북구,489703.0,242147.0,247556.0
225,성북구,488415.0,241354.0,247061.0
226,성북구,487228.0,240664.0,246564.0
227,성북구,485171.0,239726.0,245445.0
228,성북구,484653.0,239339.0,245314.0
229,성북구,483899.0,238749.0,245150.0
230,성북구,483233.0,238206.0,245027.0
231,성북구,481857.0,237474.0,244383.0
232,성북구,481651.0,237169.0,244482.0
233,성북구,480766.0,236630.0,244136.0
234,성북구,479537.0,235995.0,243542.0
235,성북구,476589.0,234573.0,242016.0
236,성북구,475951.0,234031.0,241920.0
237,성북구,473359.0,232703.0,240656.0
238,성북구,470326.0,231086.0,239240.0
239,성북구,466706.0,229205.0,237501.0
240,성북구,466228.0,228825.0,237403.0
241,성북구,464176.0,227676.0,236500.0
242,성북구,462149.0,226520.0,235629.0
243,성북구,459275.0,224980.0,234295.0
244,성북구,458450.0,224361.0,234089.0
245,성북구,456795.0,223363.0,233432.0
246,성북구,453684.0,221693.0,231991.0
247,성북구,450355.0,219951.0,230404.0
248,성북구,449773.0,219545.0,230228.0
249,성북구,448104.0,218694.0,229410.0
250,성북구,446457.0,217785.0,228672.0
251,성북구,444055.0,216556.0,227499.0
252,성북구,442226.0,215421.0,226805.0
253,성북구,440272.0,214430.0,225842.0
254,성북구,438031.0,213159.0,224872.0
255,성북구,435868.0,211904.0,223964.0
256,강북구,346367.0,171946.0,174421.0
257,강북구,345629.0,171376.0,174253.0
258,강북구,344926.0,170911.0,174015.0
259,강북구,345054.0,170906.0,174148.0
260,강북구,345926.0,171218.0,174708.0
261,강북구,345350.0,170938.0,174412.0
262,강북구,344367.0,170477.0,173890.0
263,강북구,343157.0,169866.0,173291.0
264,강북구,342574.0,169407.0,173167.0
265,강북구,341293.0,168640.0,172653.0
266,강북구,340425.0,168181.0,172244.0
267,강북구,338707.0,167342.0,171365.0
268,강북구,337210.0,166477.0,170733.0
269,강북구,336889.0,166282.0,170607.0
270,강북구,336329.0,165873.0,170456.0
271,강북구,335025.0,165223.0,169802.0
272,강북구,334582.0,164899.0,169683.0
273,강북구,333523.0,164304.0,169219.0
274,강북구,332366.0,163694.0,168672.0
275,강북구,330873.0,162967.0,167906.0
276,강북구,330058.0,162445.0,167613.0
277,강북구,329230.0,161924.0,167306.0
278,강북구,328639.0,161587.0,167052.0
279,강북구,327195.0,160861.0,166334.0
280,강북구,326686.0,160353.0,166333.0
281,강북구,326563.0,160103.0,166460.0
282,강북구,325552.0,159528.0,166024.0
283,강북구,324479.0,158918.0,165561.0
284,강북구,323862.0,158440.0,165422.0
285,강북구,322385.0,157769.0,164616.0
286,강북구,320576.0,156829.0,163747.0
287,강북구,319164.0,156071.0,163093.0
288,도봉구,367783.0,182077.0,185706.0
289,도봉구,367404.0,181928.0,185476.0
290,도봉구,366304.0,181291.0,185013.0
291,도봉구,365573.0,181004.0,184569.0
292,도봉구,364483.0,180350.0,184133.0
293,도봉구,363565.0,179862.0,183703.0
294,도봉구,363126.0,179649.0,183477.0
295,도봉구,362270.0,179194.0,183076.0
296,도봉구,361572.0,178785.0,182787.0
297,도봉구,360753.0,178275.0,182478.0
298,도봉구,359827.0,177772.0,182055.0
299,도봉구,358582.0,177153.0,181429.0
300,도봉구,357736.0,176633.0,181103.0
301,도봉구,356599.0,176032.0,180567.0
302,도봉구,355272.0,175406.0,179866.0
303,도봉구,353709.0,174554.0,179155.0
304,도봉구,353296.0,174217.0,179079.0
305,도봉구,353284.0,174075.0,179209.0
306,도봉구,352474.0,173660.0,178814.0
307,도봉구,351242.0,173029.0,178213.0
308,도봉구,350526.0,172571.0,177955.0
309,도봉구,350192.0,172381.0,177811.0
310,도봉구,349234.0,171790.0,177444.0
311,도봉구,348220.0,171238.0,176982.0
312,도봉구,346629.0,170289.0,176340.0
313,도봉구,345945.0,169835.0,176110.0
314,도봉구,345293.0,169388.0,175905.0
315,도봉구,344166.0,168759.0,175407.0
316,도봉구,342861.0,168009.0,174852.0
317,도봉구,341928.0,167465.0,174463.0
318,도봉구,340876.0,166926.0,173950.0
319,도봉구,339413.0,166160.0,173253.0
320,노원구,608388.0,297928.0,310460.0
321,노원구,606299.0,296729.0,309570.0
322,노원구,605481.0,296284.0,309197.0
323,노원구,603930.0,295551.0,308379.0
324,노원구,602372.0,294861.0,307511.0
325,노원구,601241.0,294317.0,306924.0
326,노원구,599654.0,293455.0,306199.0
327,노원구,597189.0,292081.0,305108.0
328,노원구,595929.0,291282.0,304647.0
329,노원구,593840.0,290270.0,303570.0
330,노원구,593284.0,289850.0,303434.0
331,노원구,590479.0,288435.0,302044.0
332,노원구,588143.0,287263.0,300880.0
333,노원구,586431.0,286259.0,300172.0
334,노원구,585272.0,285592.0,299680.0
335,노원구,582552.0,284225.0,298327.0
336,노원구,581096.0,283520.0,297576.0
337,노원구,579324.0,282601.0,296723.0
338,노원구,577434.0,281457.0,295977.0
339,노원구,574583.0,279987.0,294596.0
340,노원구,574064.0,279821.0,294243.0
341,노원구,573156.0,279247.0,293909.0
342,노원구,570814.0,277944.0,292870.0
343,노원구,567581.0,276333.0,291248.0
344,노원구,565565.0,275211.0,290354.0
345,노원구,562781.0,273757.0,289024.0
346,노원구,558432.0,271619.0,286813.0
347,노원구,554403.0,269508.0,284895.0
348,노원구,551902.0,268144.0,283758.0
349,노원구,549365.0,266826.0,282539.0
350,노원구,546911.0,265555.0,281356.0
351,노원구,543752.0,263919.0,279833.0
352,은평구,491525.0,242012.0,249513.0
353,은평구,491880.0,242080.0,249800.0
354,은평구,492594.0,242345.0,250249.0
355,은평구,493634.0,242779.0,250855.0
356,은평구,498496.0,245049.0,253447.0
357,은평구,501605.0,246468.0,255137.0
358,은평구,502228.0,246649.0,255579.0
359,은평구,501480.0,246318.0,255162.0
360,은평구,503231.0,247013.0,256218.0
361,은평구,504354.0,247380.0,256974.0
362,은평구,503875.0,247042.0,256833.0
363,은평구,503660.0,246858.0,256802.0
364,은평구,502088.0,245964.0,256124.0
365,은평구,501371.0,245528.0,255843.0
366,은평구,499969.0,244699.0,255270.0
367,은평구,498644.0,243977.0,254667.0
368,은평구,499616.0,244332.0,255284.0
369,은평구,499399.0,244160.0,255239.0
370,은평구,499668.0,244019.0,255649.0
371,은평구,497920.0,242975.0,254945.0
372,은평구,496659.0,242160.0,254499.0
373,은평구,495312.0,241389.0,253923.0
374,은평구,494038.0,240579.0,253459.0
375,은평구,491476.0,239183.0,252293.0
376,은평구,489943.0,238337.0,251606.0
377,은평구,488390.0,237387.0,251003.0
378,은평구,487507.0,236870.0,250637.0
379,은평구,486794.0,236353.0,250441.0
380,은평구,485902.0,235674.0,250228.0
381,은평구,484642.0,234905.0,249737.0
382,은평구,483417.0,234119.0,249298.0
383,은평구,483197.0,233702.0,249495.0
384,서대문구,321991.0,157572.0,164419.0
385,서대문구,319244.0,156165.0,163079.0
386,서대문구,317175.0,155180.0,161995.0
387,서대문구,314852.0,154033.0,160819.0
388,서대문구,312867.0,153029.0,159838.0
389,서대문구,311963.0,152506.0,159457.0
390,서대문구,311135.0,152099.0,159036.0
391,서대문구,315113.0,154017.0,161096.0
392,서대문구,316630.0,154679.0,161951.0
393,서대문구,315746.0,154172.0,161574.0
394,서대문구,315369.0,153973.0,161396.0
395,서대문구,314110.0,153315.0,160795.0
396,서대문구,314025.0,153228.0,160797.0
397,서대문구,313538.0,153016.0,160522.0
398,서대문구,312752.0,152540.0,160212.0
399,서대문구,310376.0,151338.0,159038.0
400,서대문구,309243.0,150562.0,158681.0
401,서대문구,307843.0,149921.0,157922.0
402,서대문구,306892.0,149470.0,157422.0
403,서대문구,312141.0,152008.0,160133.0
404,서대문구,315778.0,153651.0,162127.0
405,서대문구,316201.0,153702.0,162499.0
406,서대문구,314980.0,152946.0,162034.0
407,서대문구,314194.0,152510.0,161684.0
408,서대문구,314982.0,152613.0,162369.0
409,서대문구,314778.0,152428.0,162350.0
410,서대문구,314182.0,151961.0,162221.0
411,서대문구,312800.0,151144.0,161656.0
412,서대문구,312311.0,150793.0,161518.0
413,서대문구,311280.0,150131.0,161149.0
414,서대문구,310584.0,149728.0,160856.0
415,서대문구,310313.0,149569.0,160744.0
416,마포구,393110.0,191543.0,201567.0
417,마포구,392858.0,191274.0,201584.0
418,마포구,391669.0,190559.0,201110.0
419,마포구,389493.0,189243.0,200250.0
420,마포구,388693.0,188701.0,199992.0
421,마포구,387307.0,187966.0,199341.0
422,마포구,386560.0,187501.0,199059.0
423,마포구,384644.0,186452.0,198192.0
424,마포구,384314.0,186266.0,198048.0
425,마포구,384004.0,186089.0,197915.0
426,마포구,383769.0,185898.0,197871.0
427,마포구,381856.0,184774.0,197082.0
428,마포구,381986.0,184701.0,197285.0
429,마포구,381231.0,184228.0,197003.0
430,마포구,380090.0,183631.0,196459.0
431,마포구,385439.0,186177.0,199262.0
432,마포구,388275.0,187415.0,200860.0
433,마포구,389937.0,187989.0,201948.0
434,마포구,389788.0,187783.0,202005.0
435,마포구,387643.0,186495.0,201148.0
436,마포구,386944.0,185997.0,200947.0
437,마포구,384990.0,184916.0,200074.0
438,마포구,383024.0,183865.0,199159.0
439,마포구,379892.0,182162.0,197730.0
440,마포구,378566.0,181346.0,197220.0
441,마포구,377791.0,180722.0,197069.0
442,마포구,376610.0,180037.0,196573.0
443,마포구,374915.0,178939.0,195976.0
444,마포구,374742.0,178661.0,196081.0
445,마포구,374691.0,178430.0,196261.0
446,마포구,374106.0,177973.0,196133.0
447,마포구,375077.0,178240.0,196837.0
448,양천구,498473.0,248168.0,250305.0
449,양천구,497408.0,247582.0,249826.0
450,양천구,500579.0,249084.0,251495.0
451,양천구,500210.0,248927.0,251283.0
452,양천구,499100.0,248392.0,250708.0
453,양천구,498039.0,247834.0,250205.0
454,양천구,496974.0,247158.0,249816.0
455,양천구,495911.0,246637.0,249274.0
456,양천구,495626.0,246487.0,249139.0
457,양천구,494375.0,245679.0,248696.0
458,양천구,493358.0,245097.0,248261.0
459,양천구,492528.0,244742.0,247786.0
460,양천구,491426.0,244094.0,247332.0
461,양천구,490066.0,243311.0,246755.0
462,양천구,487353.0,241759.0,245594.0
463,양천구,486221.0,241020.0,245201.0
464,양천구,486314.0,241080.0,245234.0
465,양천구,485800.0,240817.0,244983.0
466,양천구,485312.0,240458.0,244854.0
467,양천구,484532.0,239995.0,244537.0
468,양천구,482945.0,239159.0,243786.0
469,양천구,481870.0,238479.0,243391.0
470,양천구,481211.0,238028.0,243183.0
471,양천구,477739.0,236290.0,241449.0
472,양천구,475949.0,235278.0,240671.0
473,양천구,474183.0,234222.0,239961.0
474,양천구,472730.0,233489.0,239241.0
475,양천구,471154.0,232518.0,238636.0
476,양천구,469221.0,231409.0,237812.0
477,양천구,467151.0,230322.0,236829.0
478,양천구,466121.0,229619.0,236502.0
479,양천구,464185.0,228634.0,235551.0
480,강서구,573182.0,282765.0,290417.0
481,강서구,572494.0,282285.0,290209.0
482,강서구,570315.0,281079.0,289236.0
483,강서구,569072.0,280274.0,288798.0
484,강서구,568492.0,279814.0,288678.0
485,강서구,568368.0,279698.0,288670.0
486,강서구,568285.0,279584.0,288701.0
487,강서구,567431.0,278969.0,288462.0
488,강서구,567582.0,278772.0,288810.0
489,강서구,568079.0,278817.0,289262.0
490,강서구,568483.0,278989.0,289494.0
491,강서구,569070.0,279207.0,289863.0
492,강서구,568543.0,279003.0,289540.0
493,강서구,570924.0,279927.0,290997.0
494,강서구,581672.0,285139.0,296533.0
495,강서구,585160.0,286644.0,298516.0
496,강서구,587234.0,287392.0,299842.0
497,강서구,588559.0,287809.0,300750.0
498,강서구,589693.0,288440.0,301253.0
499,강서구,589074.0,287947.0,301127.0
500,강서구,590849.0,288609.0,302240.0
501,강서구,591592.0,288836.0,302756.0
502,강서구,593022.0,289375.0,303647.0
503,강서구,595485.0,290478.0,305007.0
504,강서구,597248.0,291249.0,305999.0
505,강서구,600323.0,292676.0,307647.0
506,강서구,601391.0,293024.0,308367.0
507,강서구,601691.0,292989.0,308702.0
508,강서구,601696.0,292871.0,308825.0
509,강서구,600257.0,291966.0,308291.0
510,강서구,598416.0,290908.0,307508.0
511,강서구,596949.0,290079.0,306870.0
512,구로구,422544.0,213355.0,209189.0
513,구로구,421829.0,212900.0,208929.0
514,구로구,424285.0,214026.0,210259.0
515,구로구,427468.0,215474.0,211994.0
516,구로구,428296.0,215739.0,212557.0
517,구로구,428652.0,215722.0,212930.0
518,구로구,428187.0,215387.0,212800.0
519,구로구,427520.0,214982.0,212538.0
520,구로구,427334.0,214730.0,212604.0
521,구로구,426901.0,214398.0,212503.0
522,구로구,426052.0,213934.0,212118.0
523,구로구,424964.0,213251.0,211713.0
524,구로구,426912.0,214094.0,212818.0
525,구로구,427854.0,214471.0,213383.0
526,구로구,427491.0,214241.0,213250.0
527,구로구,425831.0,213213.0,212618.0
528,구로구,425861.0,212975.0,212886.0
529,구로구,425288.0,212482.0,212806.0
530,구로구,423810.0,211490.0,212320.0
531,구로구,422092.0,210440.0,211652.0
532,구로구,421912.0,210236.0,211676.0
533,구로구,421491.0,209835.0,211656.0
534,구로구,419778.0,208911.0,210867.0
535,구로구,417551.0,207667.0,209884.0
536,구로구,416487.0,207114.0,209373.0
537,구로구,415071.0,206322.0,208749.0
538,구로구,412972.0,205174.0,207798.0
539,구로구,410742.0,204003.0,206739.0
540,구로구,408369.0,202731.0,205638.0
541,구로구,407235.0,202016.0,205219.0
542,구로구,406144.0,201362.0,204782.0
543,구로구,404497.0,200417.0,204080.0
544,금천구,244555.0,125238.0,119317.0
545,금천구,243651.0,124779.0,118872.0
546,금천구,242739.0,124289.0,118450.0
547,금천구,243438.0,124665.0,118773.0
548,금천구,244028.0,125059.0,118969.0
549,금천구,243957.0,125002.0,118955.0
550,금천구,243652.0,124877.0,118775.0
551,금천구,243288.0,124675.0,118613.0
552,금천구,242824.0,124421.0,118403.0
553,금천구,242391.0,124182.0,118209.0
554,금천구,241898.0,123861.0,118037.0
555,금천구,241020.0,123462.0,117558.0
556,금천구,240524.0,123153.0,117371.0
557,금천구,239823.0,122662.0,117161.0
558,금천구,239231.0,122282.0,116949.0
559,금천구,238463.0,121878.0,116585.0
560,금천구,238519.0,121826.0,116693.0
561,금천구,238367.0,121752.0,116615.0
562,금천구,237605.0,121313.0,116292.0
563,금천구,236284.0,120604.0,115680.0
564,금천구,235734.0,120200.0,115534.0
565,금천구,235322.0,119927.0,115395.0
566,금천구,234392.0,119414.0,114978.0
567,금천구,235386.0,119885.0,115501.0
568,금천구,236353.0,120334.0,116019.0
569,금천구,236366.0,120273.0,116093.0
570,금천구,235608.0,119738.0,115870.0
571,금천구,235154.0,119497.0,115657.0
572,금천구,234238.0,119023.0,115215.0
573,금천구,233263.0,118530.0,114733.0
574,금천구,232760.0,118311.0,114449.0
575,금천구,233917.0,118915.0,115002.0
576,영등포구,406276.0,204793.0,201483.0
577,영등포구,404246.0,203622.0,200624.0
578,영등포구,400643.0,201707.0,198936.0
579,영등포구,397443.0,199987.0,197456.0
580,영등포구,396196.0,199158.0,197038.0
581,영등포구,394279.0,198159.0,196120.0
582,영등포구,392975.0,197520.0,195455.0
583,영등포구,391408.0,196765.0,194643.0
584,영등포구,390890.0,196405.0,194485.0
585,영등포구,389618.0,195571.0,194047.0
586,영등포구,388473.0,195029.0,193444.0
587,영등포구,386471.0,193880.0,192591.0
588,영등포구,385993.0,193511.0,192482.0
589,영등포구,385654.0,193218.0,192436.0
590,영등포구,383992.0,192396.0,191596.0
591,영등포구,382352.0,191464.0,190888.0
592,영등포구,382665.0,191554.0,191111.0
593,영등포구,381647.0,190907.0,190740.0
594,영등포구,380440.0,190286.0,190154.0
595,영등포구,378504.0,189394.0,189110.0
596,영등포구,378445.0,189275.0,189170.0
597,영등포구,377200.0,188697.0,188503.0
598,영등포구,373953.0,187010.0,186943.0
599,영등포구,370613.0,185200.0,185413.0
600,영등포구,368072.0,183705.0,184367.0
601,영등포구,369174.0,184257.0,184917.0
602,영등포구,368818.0,184060.0,184758.0
603,영등포구,368550.0,183975.0,184575.0
604,영등포구,369128.0,184127.0,185001.0
605,영등포구,369003.0,183888.0,185115.0
606,영등포구,368577.0,183471.0,185106.0
607,영등포구,367778.0,183224.0,184554.0
608,동작구,402491.0,198435.0,204056.0
609,동작구,402741.0,198586.0,204155.0
610,동작구,401936.0,198141.0,203795.0
611,동작구,401408.0,197672.0,203736.0
612,동작구,401984.0,197887.0,204097.0
613,동작구,401877.0,197771.0,204106.0
614,동작구,403098.0,198398.0,204700.0
615,동작구,405491.0,199454.0,206037.0
616,동작구,408843.0,201279.0,207564.0
617,동작구,409739.0,201671.0,208068.0
618,동작구,410741.0,202147.0,208594.0
619,동작구,410815.0,202144.0,208671.0
620,동작구,411275.0,202360.0,208915.0
621,동작구,410969.0,202200.0,208769.0
622,동작구,409547.0,201507.0,208040.0
623,동작구,407470.0,200328.0,207142.0
624,동작구,407613.0,200338.0,207275.0
625,동작구,406536.0,199601.0,206935.0
626,동작구,403345.0,197952.0,205393.0
627,동작구,400641.0,196463.0,204178.0
628,동작구,401250.0,196713.0,204537.0
629,동작구,402043.0,197011.0,205032.0
630,동작구,402229.0,197045.0,205184.0
631,동작구,400997.0,196267.0,204730.0
632,동작구,400456.0,195775.0,204681.0
633,동작구,399338.0,195020.0,204318.0
634,동작구,398501.0,194549.0,203952.0
635,동작구,396217.0,193255.0,202962.0
636,동작구,394353.0,192215.0,202138.0
637,동작구,394788.0,192296.0,202492.0
638,동작구,395513.0,192523.0,202990.0
639,동작구,396203.0,192533.0,203670.0
640,관악구,531539.0,269767.0,261772.0
641,관악구,529910.0,268939.0,260971.0
642,관악구,528361.0,268265.0,260096.0
643,관악구,526397.0,267145.0,259252.0
644,관악구,526314.0,267045.0,259269.0
645,관악구,525993.0,266990.0,259003.0
646,관악구,525023.0,266377.0,258646.0
647,관악구,523029.0,265281.0,257748.0
648,관악구,523073.0,265185.0,257888.0
649,관악구,521781.0,264507.0,257274.0
650,관악구,520600.0,263695.0,256905.0
651,관악구,518028.0,262248.0,255780.0
652,관악구,517783.0,262185.0,255598.0
653,관악구,516748.0,261623.0,255125.0
654,관악구,515038.0,260830.0,254208.0
655,관악구,513186.0,259631.0,253555.0
656,관악구,514219.0,260071.0,254148.0
657,관악구,512921.0,259364.0,253557.0
658,관악구,511583.0,258593.0,252990.0
659,관악구,509663.0,257491.0,252172.0
660,관악구,510987.0,258237.0,252750.0
661,관악구,510333.0,257975.0,252358.0
662,관악구,509161.0,257459.0,251702.0
663,관악구,506851.0,256143.0,250708.0
664,관악구,507203.0,256090.0,251113.0
665,관악구,506332.0,255488.0,250844.0
666,관악구,505188.0,254784.0,250404.0
667,관악구,503297.0,253661.0,249636.0
668,관악구,504445.0,253911.0,250534.0
669,관악구,504048.0,253600.0,250448.0
670,관악구,503956.0,253377.0,250579.0
671,관악구,501957.0,252160.0,249797.0
672,서초구,434809.0,210668.0,224141.0
673,서초구,433025.0,209805.0,223220.0
674,서초구,433067.0,209725.0,223342.0
675,서초구,433564.0,209902.0,223662.0
676,서초구,435848.0,211047.0,224801.0
677,서초구,436219.0,211186.0,225033.0
678,서초구,436632.0,211319.0,225313.0
679,서초구,435044.0,210440.0,224604.0
680,서초구,437689.0,211549.0,226140.0
681,서초구,438128.0,211744.0,226384.0
682,서초구,439079.0,211964.0,227115.0
683,서초구,441763.0,213285.0,228478.0
684,서초구,443672.0,214053.0,229619.0
685,서초구,443940.0,214062.0,229878.0
686,서초구,448287.0,216166.0,232121.0
687,서초구,449678.0,216740.0,232938.0
688,서초구,448952.0,216158.0,232794.0
689,서초구,447076.0,215100.0,231976.0
690,서초구,447924.0,215443.0,232481.0
691,서초구,446764.0,214737.0,232027.0
692,서초구,445606.0,214122.0,231484.0
693,서초구,445682.0,214101.0,231581.0
694,서초구,446634.0,214471.0,232163.0
695,서초구,447192.0,214673.0,232519.0
696,서초구,445994.0,214036.0,231958.0
697,서초구,443786.0,212806.0,230980.0
698,서초구,442833.0,212189.0,230644.0
699,서초구,441102.0,211236.0,229866.0
700,서초구,440954.0,211156.0,229798.0
701,서초구,439844.0,210596.0,229248.0
702,서초구,437407.0,209418.0,227989.0
703,서초구,433951.0,207868.0,226083.0
704,강남구,569367.0,273844.0,295523.0
705,강남구,569873.0,274173.0,295700.0
706,강남구,569002.0,273739.0,295263.0
707,강남구,565710.0,271991.0,293719.0
708,강남구,563872.0,271030.0,292842.0
709,강남구,562739.0,270518.0,292221.0
710,강남구,562556.0,270398.0,292158.0
711,강남구,564197.0,270970.0,293227.0
712,강남구,563170.0,270341.0,292829.0
713,강남구,561782.0,269618.0,292164.0
714,강남구,563387.0,270452.0,292935.0
715,강남구,563599.0,270601.0,292998.0
716,강남구,565302.0,271343.0,293959.0
717,강남구,568867.0,272991.0,295876.0
718,강남구,573756.0,275223.0,298533.0
719,강남구,578114.0,277267.0,300847.0
720,강남구,578361.0,277365.0,300996.0
721,강남구,575912.0,276091.0,299821.0
722,강남구,576756.0,276656.0,300100.0
723,강남구,576495.0,276425.0,300070.0
724,강남구,573644.0,274839.0,298805.0
725,강남구,571330.0,273630.0,297700.0
726,강남구,569961.0,272872.0,297089.0
727,강남구,567115.0,271604.0,295511.0
728,강남구,565550.0,270726.0,294824.0
729,강남구,563448.0,269762.0,293686.0
730,강남구,560827.0,268592.0,292235.0
731,강남구,556164.0,266442.0,289722.0
732,강남구,552976.0,264834.0,288142.0
733,강남구,546952.0,261815.0,285137.0
734,강남구,544257.0,260599.0,283658.0
735,강남구,542364.0,259611.0,282753.0
736,송파구,684786.0,335882.0,348904.0
737,송파구,684266.0,335624.0,348642.0
738,송파구,683449.0,335127.0,348322.0
739,송파구,682209.0,334494.0,347715.0
740,송파구,682244.0,334309.0,347935.0
741,송파구,681264.0,333761.0,347503.0
742,송파구,679071.0,332616.0,346455.0
743,송파구,673115.0,329747.0,343368.0
744,송파구,669688.0,327974.0,341714.0
745,송파구,667183.0,326731.0,340452.0
746,송파구,667139.0,326457.0,340682.0
747,송파구,668415.0,326919.0,341496.0
748,송파구,672296.0,328684.0,343612.0
749,송파구,670543.0,327710.0,342833.0
750,송파구,668011.0,326456.0,341555.0
751,송파구,664738.0,324902.0,339836.0
752,송파구,665271.0,325100.0,340171.0
753,송파구,664804.0,324817.0,339987.0
754,송파구,663247.0,324066.0,339181.0
755,송파구,660302.0,322441.0,337861.0
756,송파구,656830.0,320641.0,336189.0
757,송파구,655487.0,319871.0,335616.0
758,송파구,655427.0,319578.0,335849.0
759,송파구,657831.0,320557.0,337274.0
760,송파구,660584.0,321676.0,338908.0
761,송파구,661218.0,321807.0,339411.0
762,송파구,661750.0,322029.0,339721.0
763,송파구,664496.0,323147.0,341349.0
764,송파구,665282.0,323228.0,342054.0
765,송파구,666439.0,323741.0,342698.0
766,송파구,666892.0,323832.0,343060.0
767,송파구,666635.0,323526.0,343109.0
768,강동구,496480.0,248749.0,247731.0
769,강동구,496471.0,248560.0,247911.0
770,강동구,496160.0,248430.0,247730.0
771,강동구,495138.0,247973.0,247165.0
772,강동구,492629.0,246641.0,245988.0
773,강동구,490110.0,245337.0,244773.0
774,강동구,489173.0,244945.0,244228.0
775,강동구,487905.0,244172.0,243733.0
776,강동구,486976.0,243641.0,243335.0
777,강동구,485571.0,242824.0,242747.0
778,강동구,484900.0,242393.0,242507.0
779,강동구,483379.0,241503.0,241876.0
780,강동구,482207.0,240832.0,241375.0
781,강동구,480805.0,240008.0,240797.0
782,강동구,478735.0,238945.0,239790.0
783,강동구,476597.0,237816.0,238781.0
784,강동구,472377.0,235632.0,236745.0
785,강동구,465834.0,232242.0,233592.0
786,강동구,462103.0,230345.0,231758.0
787,강동구,458658.0,228709.0,229949.0
788,강동구,455189.0,226878.0,228311.0
789,강동구,450926.0,224607.0,226319.0
790,강동구,447881.0,222989.0,224892.0
791,강동구,444168.0,221118.0,223050.0
792,강동구,449019.0,223488.0,225531.0
793,강동구,448953.0,223355.0,225598.0
794,강동구,442654.0,220064.0,222590.0
795,강동구,436223.0,216777.0,219446.0
796,강동구,434027.0,215588.0,218439.0
797,강동구,432749.0,214740.0,218009.0
798,강동구,430705.0,213528.0,217177.0
799,강동구,427573.0,211816.0,215757.0
